symbol,hour,first_aggTrade_id,last_aggTrade_id,trade_count,missing_id_count,tape_sha256,verify
BTCUSDT,2026-10-10T00Z,3480905911,3480921850,15940,0,71eb8caf0b5ae028f5b51512955024a9894d7a215d909b3321f3ba607edf012a,PASS
BTCUSDT,2026-10-10T01Z,3480921851,3480939041,17191,0,351303e34e9f45ea349f5890cbd3e5b384b2882cd254fb28e4388ea9555faa1b,PASS
BTCUSDT,2026-10-10T02Z,3480939042,3480952304,13263,0,21fc7b498af9bccc410d0c56e50c8354868bcb8e6e88a1c849bea36af44e2d5c,PASS
BTCUSDT,2026-10-10T03Z,3480952305,3480961229,8925,0,f16276762436364514577a74dc7434a3e0c5846e68d2fd9d3b056c5c1ca2ec4f,PASS
BTCUSDT,2026-10-10T04Z,3480961230,3480973181,11952,0,df95a922efa52cc04ff07c934059d3e0cb5ebc61c8945982c69701da4026ab80,PASS
BTCUSDT,2026-10-10T05Z,3480973182,3480984920,11739,0,655af2fb7281af47ac306727c17da54c5807c25bb1f548a5125a078d087ec95e,PASS
BTCUSDT,2026-10-10T06Z,3480984921,3480999933,15013,0,2d989b0a45a842cc894d1cc40ac476c7e3c0b14c2456c321112240b24a77c752,PASS
BTCUSDT,2026-10-10T07Z,3480999934,3481016000,16067,0,16916cf4314ff926372e6f0d6c4d204df265fc338ab3a425de9fff00eed9bef6,PASS
BTCUSDT,2026-10-10T08Z,3481016001,3481027810,11810,0,d84d2079a9ca2832c5b8249459e9b5640a410cbefc9199d069db63e2e8098977,PASS
BTCUSDT,2026-10-10T09Z,3481027811,3481041409,13599,0,d309a7bac3fc3f904f475076bff4a4970d41139c3dabb7531dec1a150263d22e,PASS
BTCUSDT,2026-10-10T10Z,3481041410,3481054124,12715,0,02718a61077f00cf85a8623b3d9a93fb6b6760cf779bc09bb22b1b8a02f9fd69,PASS
BTCUSDT,2026-10-10T11Z,3481054125,3481064921,10797,0,5e6dd648bfb336dcb9db1a29ef205ee2f279ad0f7ab207150a981365268968ff,PASS
BTCUSDT,2026-10-10T12Z,3481064922,3481075365,10444,0,3e5c048ddaacb551f39da15c55bebcd6dbe616904bb2321f48c4300a732e697f,PASS
BTCUSDT,2026-10-10T13Z,3481075366,3481085136,9771,0,23a511e614755c6a012fc5400d8732e436d30d584c554e13564d2a2ccb8523e7,PASS
BTCUSDT,2026-10-10T14Z,3481085137,3481109206,24070,0,29ee8815c6db3a683ca949fff79b2fb958e529ce4331ee23e59c9ccbb4c86e40,PASS
BTCUSDT,2026-10-10T15Z,3481109207,3481124104,14898,0,079a2abc265a0bec76d4605e26c3513cbf903aaaa5daa153889b6ffc88a89f2e,PASS
ETHUSDT,2026-10-10T00Z,3113755500,3113767602,12103,0,a635c5ddcb2b50b132edfbe2747e012d9f07dedad335a72220c8b4c651295066,PASS
ETHUSDT,2026-10-10T01Z,3113767603,3113782769,15167,0,65bec6a0a5dfa6b79471d1c69d245f99821bd43c2273ef9b84c4fa31a1c6a799,PASS
ETHUSDT,2026-10-10T02Z,3113782770,3113793778,11009,0,485d70af5ef01969c677d7b804f4e354821adff5a4b7ffb6dae7e199b2640101,PASS
ETHUSDT,2026-10-10T03Z,3113793779,3113802363,8585,0,fd17a664145f5cb6da998b5c88e2ae7c0fd377c3c5e29a2f747bacc595f16a60,PASS
ETHUSDT,2026-10-10T04Z,3113802364,3113814294,11931,0,8f7eadba4632eafe9c0e48d018fb981da15ff1cbc34965a11c8d68fcb106e187,PASS
ETHUSDT,2026-10-10T05Z,3113814295,3113827002,12708,0,2fa1728ff9f0b4c30862cb68e3405a6b18fd9530aee0e3a38c607c9e86142a3b,PASS
ETHUSDT,2026-10-10T06Z,3113827003,3113839055,12053,0,a8721da1bb358d92bd4e18b56046abab96999f8f3a42708c2c371807384b00b2,PASS
ETHUSDT,2026-10-10T07Z,3113839056,3113849353,10298,0,b5dfe00a8f1be7bdd5ef790e270d05b2848f2a1298cadcb48fb338915f896708,PASS
ETHUSDT,2026-10-10T08Z,3113849354,3113859123,9770,0,8b9db6dfc126c4ebcad2aa645cc10e84f09103cd768c39cb930f3eea70c13a1e,PASS
ETHUSDT,2026-10-10T09Z,3113859124,3113868376,9253,0,e1767fd2b596559561fab440ed470d3a3e721d86d1ec40487e05b0b43d3b482b,PASS
ETHUSDT,2026-10-10T10Z,3113868377,3113876905,8529,0,59b93c09f3213552dbac8ea831437ab66923cb81cb805fd21941465ede2b46bb,PASS
ETHUSDT,2026-10-10T11Z,3113876906,3113884111,7206,0,53ebea8842b5ba424f9205eb415d0497dfb35dbe0f201071f30b8c6efbcd16f8,PASS
ETHUSDT,2026-10-10T12Z,3113884112,3113891089,6978,0,c1c0ea627542093f788919ce377634ef2b2f41acf2931b8faa2cdd6b14a20abc,PASS
ETHUSDT,2026-10-10T13Z,3113891090,3113900705,9616,0,ecde62a3c11dfd3aaf397e140122f1127a6275c7b220871b4c8eed0f46e22c5a,PASS
ETHUSDT,2026-10-10T14Z,3113900706,3113936885,36180,0,99f45eee64c53f69568d88062e75de2991bc26b4eeba92fa3f0acb2b9478918c,PASS
ETHUSDT,2026-10-10T15Z,3113936886,3113955019,18134,0,b96c48f0fe69e8cccedfd54d26369d42fa51ec5458b96ea978fb81c41ba585b2,PASS
HYPEUSDT,2026-10-10T00Z,270521368,270529946,8579,0,cf0a46bfbc79983b7f2c3a6eceddea4fbebe17269bcc163cd1b0118b6edbc406,PASS
HYPEUSDT,2026-10-10T01Z,270529947,270540316,10370,0,22b1644e528aae9bfc484e69e11084207387de17b9936920398cce9f55b467a3,PASS
HYPEUSDT,2026-10-10T02Z,270540317,270548287,7971,0,f799bad74e25262b1054f57dc1d7a2b5c735bd03d39628a560c7f64bd5a27de4,PASS
HYPEUSDT,2026-10-10T03Z,270548288,270559114,10827,0,2c32b4a15005eeec6339676a65283a1ee54e56b6138852998cda20e1abecddbb,PASS
HYPEUSDT,2026-10-10T04Z,270559115,270570555,11441,0,276859e3bd39a39f4e2a8f4864a458b491f8aae2a1db4e0f52122372c244a4c9,PASS
HYPEUSDT,2026-10-10T05Z,270570556,270579646,9091,0,1edcf38530f29e4d0ebda08e20f1c9345294da87fe894600068abca14d19b407,PASS
HYPEUSDT,2026-10-10T06Z,270579647,270587814,8168,0,529375efd8fd59fac923e2b4498885561229c8237321e0c370eadb596d463bd8,PASS
HYPEUSDT,2026-10-10T07Z,270587815,270595202,7388,0,ca6a96a0cda692aa143a5d2e6167b1765d8ffda0c77fedb0220862605f9bcd36,PASS
HYPEUSDT,2026-10-10T08Z,270595203,270602294,7092,0,cb5824b0bce45587637fd0aed3887efbd22bc0abe29c3daa93392b51070f32a2,PASS
HYPEUSDT,2026-10-10T09Z,270602295,270608882,6588,0,a5901ba73367271035362665d5340565c170408040b324f912223ae75903e416,PASS
HYPEUSDT,2026-10-10T10Z,270608883,270617854,8972,0,2b2b641c74725652169408b5ff9d410e7f0a4852781f58bd02cc0379b57f6d38,PASS
HYPEUSDT,2026-10-10T11Z,270617855,270625395,7541,0,e441f48ade19da51382bc5dcce948d6590c1e38a2e6d0752de09f819b24682f2,PASS
HYPEUSDT,2026-10-10T12Z,270625396,270632398,7003,0,724226f450b0c23c133f565256d8d3b90d8cf0270f3e69e24c5758bb4dbea271,PASS
HYPEUSDT,2026-10-10T13Z,270632399,270640883,8485,0,723d7fa38f8b5d5fc45df1044b65eb3c899162f9f8a84c6b56b2c890e7fb8231,PASS
HYPEUSDT,2026-10-10T14Z,270640884,270684085,43202,0,3faa0cb68430413431a746b18786147dea4af841ed96be8f9e7e740578b79c3f,PASS
HYPEUSDT,2026-10-10T15Z,270684086,270704523,20438,0,ca659d95a2e9861e372c31da2018abae38f8d01289053be8ef317ad53a2b27dd,PASS
SOLUSDT,2026-10-10T00Z,1104572108,1104581428,9321,0,f1200fcfff5d025730643901e6719f6671e061ab8ae02b00a7c140dd5fef8666,PASS
SOLUSDT,2026-10-10T01Z,1104581429,1104590553,9125,0,26df8edd27ba3d0cb5556ccf6d5b9621eebe85191950a97a0ebdecefedaaac63,PASS
SOLUSDT,2026-10-10T02Z,1104590554,1104600057,9504,0,e4682167901c8489239d3b265e8312f86685fb5d335aaaedd47704d2bbe7212b,PASS
SOLUSDT,2026-10-10T03Z,1104600058,1104609465,9408,0,4af36541ce23caa41685a21993e79ca6aa362b79a8a27918764bc87ddc923451,PASS
SOLUSDT,2026-10-10T04Z,1104609466,1104618664,9199,0,42266e0e1c85b1b472d3d02d92a39c6330819343f993e138331066f10b98b90f,PASS
SOLUSDT,2026-10-10T05Z,1104618665,1104625288,6624,0,8e1ea847634cb34d2f9179a671ff3c25ccf284fbca53c2cabbb7ab6e4966f2fe,PASS
SOLUSDT,2026-10-10T06Z,1104625289,1104632474,7186,0,65a034c2703f2d34ab547e1fe4d3a51667871dbff339c47fc5a60f31cd7a3ff0,PASS
SOLUSDT,2026-10-10T07Z,1104632475,1104638558,6084,0,21d31fa2941db5036f82d0752db0d2dfa0fe42890840f6f0c6e18b7eea97fb7b,PASS
SOLUSDT,2026-10-10T08Z,1104638559,1104643854,5296,0,c2c12370ab7f939865d73064561e62457a35909b79b285029238a073d9b2ecd1,PASS
SOLUSDT,2026-10-10T09Z,1104643855,1104650133,6279,0,a4a990c7d83fee8caf379ca2676b2f028a9d03e478e4f6ea10d296b0f4df87c5,PASS
SOLUSDT,2026-10-10T10Z,1104650134,1104657920,7787,0,f91d9eb2cc19fbb03b12d7a1322471b2bdcb8c1e17f5b152ccc86ac9665e6e8f,PASS
SOLUSDT,2026-10-10T11Z,1104657921,1104664079,6159,0,9d4f44bd9cad06930fa236d47426839f91bdeff3add29b1bc47f032c5e56e5b1,PASS
SOLUSDT,2026-10-10T12Z,1104664080,1104674373,10294,0,eed6e99c07370f70b2933d8626cacaf2ceaeb33cef5f6cd6b3a24a7ba2e3e3bf,PASS
SOLUSDT,2026-10-10T13Z,1104674374,1104680891,6518,0,dbd5b3bd9d615b4551830ef6766e070abf118224182d9a8a0a6c83e3a3f2f3f9,PASS
SOLUSDT,2026-10-10T14Z,1104680892,1104691678,10787,0,d2975df1b1bee08a2298e64e6b916a5cc47e1ad5070980693bbe8070895ab77a,PASS
SOLUSDT,2026-10-10T15Z,1104691679,1104699975,8297,0,ad6fc419af3fc3e83d44a7a6c31cc3471c14f62e4f962acf423010a749e2f7f9,PASS
