Time;Price;Volume
17:33:31;;
17:33:31;80716.3;0.01
17:33:30;80716.2;0
17:33:29;80716.2;0
17:33:27;80716.3;0.01
17:33:27;80716.2;0.2
17:33:27;80716.3;0.05
17:33:26;80716.2;0.27
17:33:25;80716.3;0.01
17:33:25;80716.2;0.09
17:33:24;80716.2;0.01
17:33:23;80716.3;0.12
17:33:23;80716.2;0.07
17:33:22;80716.2;0
17:33:21;80716.3;0
17:33:21;80716.2;0
17:33:17;80716.3;0.01
17:33:17;80716.2;0.01
17:33:16;80716.3;0
17:33:16;80716.2;0.01
17:33:16;80716.3;0.38
17:33:15;80716.2;0.19
17:33:14;80716.3;0
17:33:13;80716.2;0.02
17:33:13;80716.3;0.12
17:33:12;80716.2;0.01
17:33:11;80716.3;0.02
17:33:11;80716.2;0.06
17:33:11;80716.3;0
17:33:11;80716.6;0
17:33:11;80716.2;0.01
17:33:11;80724.1;5
17:33:10;80724.2;0
17:33:10;80724.1;0.01
17:33:10;80724.2;0
17:33:10;80724.1;0.02
17:33:09;80724.2;0
17:33:08;80724.2;0.01
17:33:07;80724.1;0
17:33:07;80724.2;0.02
17:33:07;80738.5;2.42
17:33:06;80738.6;0
17:33:05;80738.5;0.14
17:33:05;80738.6;0.05
17:33:05;80738.5;0.02
17:33:04;80738.6;0.36
17:33:03;80738.5;0.38
17:33:03;80738.6;0.01
17:33:02;80738.5;0
17:33:01;80738.5;0
17:33:00;80738.6;0.02
17:33:00;80738.5;0.06
17:32:59;80738.6;0.05
17:32:59;80738.5;0.02
17:32:59;80738.6;0.17
17:32:58;80738.5;0.01
17:32:58;80738.6;0
17:32:58;80738.5;0
17:32:57;80738.6;1.03
17:32:55;80738.6;0.01
17:32:54;80738.5;0.01
17:32:54;80738.6;0.24
17:32:53;80738.5;0.01
17:32:53;80738.6;0
17:32:53;80738.5;0.01
17:32:53;80738.6;0.06
17:32:53;80738.5;0.01
17:32:52;80738.6;0.06
17:32:51;80738.6;1.64
17:32:51;80738.5;0
17:32:50;80738.6;0.06
17:32:50;80738.5;0
17:32:49;80738.6;0.09
17:32:47;80738.6;0
17:32:47;80738.5;0
17:32:46;80738.6;0.01
17:32:46;80738.5;0.02
17:32:46;80738.6;0
17:32:46;80738.7;0.08
17:32:46;80738.8;0.1
17:32:45;80738.8;0.02
17:32:45;80738.7;0.03
17:32:44;80738.8;0
17:32:44;80738.7;0.01
17:32:43;80738.8;0.07
17:32:42;80738.8;0.64
17:32:42;80738.7;0.01
17:32:41;80738.8;0.03
17:32:41;80740.7;0.1
17:32:40;80740.8;0.4
17:32:38;80740.8;0.11
17:32:38;80740.7;0
17:32:36;80740.8;0.22
17:32:35;80738.4;0.06
17:32:35;80738.3;0.01
17:32:35;80717.3;0.97
17:32:35;80717.2;0.12
17:32:34;80717.3;0.01
17:32:33;80717.3;2.18
17:32:32;80717.4;0
17:32:32;80717.3;0.01
17:32:32;80717.4;0
17:32:31;80717.4;0.07
17:32:31;80717.3;0
17:32:31;80717.4;0
17:32:30;80717.3;0.01
17:32:30;80717.4;0.29
17:32:30;80717.3;0
17:32:30;80717.4;0
17:32:29;80717.3;0.01
17:32:29;80717.4;0.1
17:32:29;80717.3;0.01
17:32:29;80717.4;0.01
17:32:28;80717.3;0.07
17:32:28;80717.4;0.03
17:32:27;80717.3;0.02
17:32:27;80717.4;0
17:32:26;80717.3;0.07
17:32:25;80717.3;0
17:32:25;80717.4;0
17:32:24;80717.3;0
17:32:24;80717.4;0.01
17:32:24;80717.3;0
17:32:23;80717.4;0
17:32:23;80717.3;0.16
17:32:22;80717.4;0.06
17:32:21;80717.4;0.05
17:32:21;80717.3;0
17:32:20;80717.4;0.39
17:32:19;80717.3;0
17:32:19;80717.4;0
17:32:17;80717.4;0.24
17:32:16;80717.3;1.51
17:32:16;80717.4;0
17:32:16;80717.3;0.05
17:32:15;80717.4;0.36
17:32:15;80717.3;0
17:32:14;80714.1;5.34
17:32:13;80714.1;0.18
17:32:13;80714.0;0.01
17:32:13;80714.1;0
17:32:13;80714.0;0
17:32:12;80714.1;0.03
17:32:10;80714.0;0.01
17:32:10;80714.1;0
17:32:10;80714.0;0
17:32:09;80714.1;0.01
17:32:09;80714.0;0.01
17:32:08;80714.0;0
17:32:07;80714.1;0.03
17:32:05;80714.0;0.01
17:32:04;80714.1;0.2
17:32:04;80714.0;0
17:32:04;80714.1;0.02
17:32:03;80714.0;0
17:32:02;80714.1;0.01
17:32:02;80714.0;0.72
17:32:01;80714.1;0
17:32:01;80717.3;0.22
17:32:00;80722.7;0.17
17:32:00;80723.2;0
17:32:00;80725.8;0.36
17:31:59;80725.9;0.08
17:31:59;80725.8;0.3
17:31:58;80725.9;0.5
17:31:58;80725.8;0
17:31:58;80725.9;0
17:31:58;80726.3;1.13
17:31:58;80726.4;0.01
17:31:56;80726.4;0.28
17:31:55;80726.4;0.05
17:31:55;80726.3;0
17:31:54;80726.3;0.09
17:31:53;80726.4;0.04
17:31:53;80726.3;0
17:31:52;80726.4;0.23
17:31:52;80726.3;0
17:31:52;80726.4;0
17:31:52;80726.3;0.03
17:31:50;80723.7;0.37
17:31:49;80723.6;0
17:31:48;80723.7;0.02
17:31:48;80723.6;0
17:31:46;80723.7;0
17:31:46;80723.6;0
17:31:46;80719.1;0.16
17:31:46;80719.0;0
17:31:45;80719.1;0.27
17:31:45;80719.0;0.03
17:31:44;80712.0;2.62
17:31:43;80711.9;0
17:31:43;80712.0;0.15
17:31:42;80711.9;0
17:31:42;80712.0;0.02
17:31:41;80711.9;0.01
17:31:41;80712.0;0.16
17:31:40;80712.0;0.02
17:31:40;80711.9;0.01
17:31:40;80712.0;0.3
17:31:40;80711.9;0.18
17:31:39;80712.0;0.11
17:31:39;80711.9;0.09
17:31:38;80712.0;1.18
17:31:38;80711.9;0.12
17:31:38;80712.0;0.03
17:31:37;80711.9;0
17:31:37;80712.0;0.02
17:31:37;80711.9;0.03
17:31:37;80712.0;0
17:31:36;80711.9;0
17:31:36;80712.0;0.02
17:31:36;80711.9;0
17:31:35;80712.0;0.28
17:31:34;80712.0;0.61
17:31:33;80711.9;0.41
17:31:33;80711.9;0.41
17:31:32;80712.0;0.14
17:31:32;80711.9;0.06
17:31:32;80709.5;0.07
17:31:32;80709.4;0
17:31:32;80706.6;0.21
17:31:31;80706.5;0
17:31:30;80706.5;0.02
17:31:30;80700.0;0.28
17:31:30;80699.9;0
17:31:30;80700.0;0
17:31:30;80699.9;0.05
17:31:30;80689.0;3.86
17:31:29;80688.9;0.2
17:31:28;80689.0;0.03
17:31:28;80688.9;0.01
17:31:26;80689.0;0.04
17:31:26;80688.9;0
17:31:26;80689.0;0.01
17:31:25;80688.9;0.01
17:31:25;80689.0;0
17:31:24;80688.9;2.09
17:31:23;80688.0;0.15
17:31:22;80687.9;0.01
17:31:22;80684.0;1.36
17:31:22;80683.9;0.04
17:31:22;80684.0;0.17
17:31:21;80683.9;0.05
17:31:19;80684.0;0.14
17:31:19;80683.9;0.02
17:31:18;80684.0;0
17:31:17;80684.0;0.58
17:31:17;80683.9;0.03
17:31:15;80683.9;0.05
17:31:15;80684.0;0.01
17:31:14;80684.0;0.08
17:31:13;80683.9;0.01
17:31:13;80684.0;0
17:31:12;80687.9;2.3
17:31:12;80688.0;0.01
17:31:12;80687.9;0
17:31:12;80688.0;0.02
17:31:11;80687.9;0
17:31:11;80688.0;0.01
17:31:10;80687.9;0.02
17:31:10;80688.0;0.04
17:31:10;80687.9;0.01
17:31:09;80688.0;0
17:30:45;80656.7;4.53
17:30:45;80656.6;0.04
17:30:45;80656.7;0.01
17:30:45;80656.6;0.01
17:30:44;80652.9;8.25
17:30:44;80659.8;1.12
17:30:43;80659.9;0.01
17:30:43;80659.8;0.1
17:30:43;80659.9;0.09
17:30:42;80669.9;1.86
17:30:42;80670.0;0
17:30:42;80669.9;0.01
17:30:41;80668.7;0.37
17:30:41;80668.6;0.04
17:30:41;80668.7;0.2
17:30:41;80668.6;0.08
17:30:40;80663.0;0.09
17:30:40;80662.9;0
17:30:40;80656.5;0.55
17:30:40;80656.4;0.01
17:30:40;80656.5;0.18
17:30:40;80656.4;0.01
17:30:40;80656.5;0
17:30:40;80656.4;0.01
17:30:40;80656.5;0.1
17:30:38;80659.5;0.65
17:30:38;80666.1;0.56
17:30:38;80666.2;0
17:30:38;80668.7;0.17
17:30:37;80668.8;0.01
17:30:37;80668.7;0.05
17:30:37;80668.8;0.13
17:30:36;80668.7;0.03
17:30:35;80668.7;0.03
17:30:35;80668.8;0.01
17:30:34;80671.1;0.17
17:30:34;80671.2;0.01
17:30:34;80671.5;0.43
17:30:33;80671.6;0.13
17:30:32;80673.7;0.08
17:30:32;80673.8;0
17:30:32;80673.7;0.06
17:30:32;80673.8;0.01
17:30:32;80681.3;0.36
17:30:32;80681.4;0.01
17:30:32;80681.3;0.02
17:30:32;80681.4;0.01
17:30:31;80688.9;2.38
17:30:30;80689.0;0
17:30:30;80688.9;0
17:30:30;80689.0;0.22
17:30:29;80688.9;0.01
17:30:29;80689.0;0.05
17:30:27;80688.9;0.86
17:30:26;80689.0;0
17:30:26;80688.9;0.01
17:30:26;80689.0;0.05
17:30:26;80688.9;0.01
17:30:26;80689.0;0.01
17:30:26;80688.9;0.88
17:30:25;80689.0;0.01
17:30:25;80688.9;0
17:30:24;80689.0;0.67
17:30:24;80688.9;0
17:30:24;80689.0;0.09
17:30:23;80688.9;0.05
17:30:23;80689.0;0.05
17:30:23;80688.9;0
17:30:22;80688.9;0.15
17:30:21;80689.0;0
17:30:21;80688.9;0.01
17:30:21;80689.0;0.24
17:30:21;80688.9;0.05
17:30:21;80689.0;0.01
17:30:20;80688.9;0.04
17:30:19;80689.0;0.01
17:30:19;80688.9;0.62
17:30:19;80689.0;0
17:30:18;80688.9;0.24
17:30:18;80689.0;0.01
17:30:18;80688.9;0.01
17:30:18;80689.0;0.02
17:30:18;80688.9;0.1
17:30:17;80689.0;0
17:30:17;80688.9;0
17:30:17;80689.0;0
17:30:17;80690.7;0.06
17:30:17;80692.2;0.06
17:30:16;80692.3;0.11
17:30:16;80692.2;0.16
17:30:16;80692.3;0.39
17:30:16;80696.5;0.14
17:30:16;80696.6;0
17:30:16;80696.6;0.01
17:30:16;80696.7;0
17:30:16;80697.0;0.28
17:30:15;80697.1;0.07
17:30:15;80697.0;0.01
17:30:15;80697.1;0.01
17:30:15;80697.0;0.07
17:30:14;80697.1;0
17:30:14;80697.0;0.02
17:30:14;80697.1;0
17:30:13;80697.0;0.16
17:30:13;80697.1;2.04
17:30:13;80697.0;0.11
17:30:13;80697.1;0.06
17:30:12;80697.0;0.02
17:30:11;80697.1;0.49
17:30:11;80698.2;0.02
17:30:11;80698.3;0
17:30:11;80699.0;0.01
17:30:11;80699.1;0
17:30:11;80700.3;0.03
17:30:11;80700.4;0
17:30:11;80700.8;0.05
17:30:11;80700.9;0
17:30:11;80703.8;0.03
17:30:11;80703.9;0
17:30:11;80705.0;0.02
17:30:11;80705.1;0
17:30:11;80709.2;1.05
17:30:11;80709.3;0
17:30:11;80709.2;0.02
17:30:10;80709.3;0.18
17:30:10;80709.2;0
17:30:10;80709.3;0
17:30:10;80709.2;0
17:30:10;80709.3;0.02
17:30:10;80709.2;0.03
17:30:09;80709.3;0.11
17:30:09;80709.2;0
17:30:09;80709.3;0.02
17:30:09;80709.2;0.09
17:30:09;80709.3;0
17:30:09;80710.4;0.01
17:30:09;80710.6;0
17:30:09;80711.2;0.32
17:30:09;80711.4;0
17:30:09;80711.9;0.01
17:30:09;80712.2;0
17:30:09;80713.2;5.07
17:30:08;80713.3;0
17:30:08;80713.2;0.07
17:30:08;80713.3;0.27
17:30:07;80713.2;0.05
17:30:07;80709.8;1.4
17:30:07;80709.7;0.01
17:30:07;80709.8;0.19
17:30:07;80709.7;0.01
17:30:07;80697.1;1.43
17:30:07;80697.0;0
17:30:07;80697.1;0.21
17:30:07;80697.0;0
17:30:07;80697.1;0.06
17:30:07;80696.9;0.01
17:30:07;80696.0;1.06
17:30:07;80694.9;0.03
17:30:07;80691.2;0.34
17:30:07;80690.7;0.02
17:30:07;80691.9;0
17:30:07;80687.4;0.35
17:30:07;80685.9;5.72
17:30:07;80685.8;0.05
17:30:06;80684.7;6.39
17:30:06;80681.7;0.55
17:30:06;80681.1;0.2
17:30:06;80679.5;0.64
17:30:06;80679.3;0
17:30:06;80677.5;0.24
17:30:06;80677.1;0
17:30:06;80674.0;0.27
17:30:06;80673.6;0
17:30:06;80673.8;0.07
17:30:06;80673.6;0
17:30:06;80672.4;0.15
17:30:06;80672.2;0
17:30:06;80669.2;0.24
17:30:06;80668.5;0
17:30:06;80670.5;0
17:30:06;80667.8;0
17:30:06;80667.3;0.13
17:30:06;80667.2;0
17:30:06;80665.5;0.09
17:30:06;80665.4;0
17:30:06;80665.5;0.04
17:30:06;80662.8;0
17:30:06;80664.0;0.04
17:30:06;80661.3;0.64
17:30:06;80657.0;0
17:30:06;80652.8;5.25
17:30:06;80649.8;0
17:30:06;80652.3;0.12
17:30:06;80649.8;0
17:30:06;80648.9;3.58
17:30:06;80648.8;0
17:30:06;80631.4;15.52
17:30:06;80631.3;0
17:30:06;80631.4;0.02
17:30:06;80631.3;0
17:30:06;80631.4;0.11
17:30:06;80631.3;0.04
17:30:05;80631.4;0.02
17:30:05;80631.3;0.03
17:30:04;80631.3;0.26
17:30:03;80631.4;0
17:30:03;80631.3;0.03
17:30:02;80631.3;0.09
17:30:02;80631.4;0
17:30:02;80631.3;0.01
17:30:02;80631.4;0
17:30:01;80631.3;0.09
17:30:00;80631.4;0.06
17:30:00;80631.3;0.01
17:30:00;80630.0;0.38
17:30:00;80629.9;0
17:30:00;80628.7;0.01
17:30:00;80628.6;0
17:30:00;80625.5;0.43
17:30:00;80625.4;3
17:30:00;80625.5;0.07
17:30:00;80625.4;0.02
17:29:59;80625.5;0.4
17:29:59;80625.4;0.03
17:29:59;80625.5;0
17:29:59;80625.4;0.06
17:29:58;80625.5;0.04
17:29:58;80625.4;0.23
17:29:58;80625.5;0
17:29:57;80625.5;0.98
17:29:56;80629.9;0.67
17:29:56;80630.0;0
17:29:56;80629.9;0.04
17:29:56;80630.0;0.03
17:29:56;80629.9;0.07
17:29:56;80630.0;0.04
17:29:55;80631.3;1.79
17:29:55;80631.4;0
17:29:55;80631.3;0.02
17:29:55;80631.4;0
17:29:54;80631.3;0.32
17:29:54;80631.4;0.04
17:29:54;80631.3;0.06
17:29:54;80631.4;0.11
17:29:54;80631.3;0
17:29:53;80631.4;0.1
17:29:53;80631.3;0.07
17:29:53;80631.4;0.01
17:29:52;80631.3;0.05
17:29:51;80631.4;0.03
17:29:51;80631.3;0.61
17:29:51;80631.4;0.22
17:29:50;80631.3;0.02
17:29:50;80631.4;0.02
17:29:50;80631.3;1.13
17:29:49;80631.4;0.02
17:29:49;80631.3;0.05
17:29:48;80631.4;0.47
17:29:48;80631.3;0
17:29:48;80631.0;0.12
17:29:48;80630.9;0
17:29:48;80630.5;0.02
17:29:48;80630.4;0
17:29:48;80630.3;0
17:29:48;80629.2;0.01
17:29:48;80629.1;0
17:29:48;80625.9;0.03
17:29:48;80625.8;0.05
17:29:48;80625.0;0.94
17:29:48;80624.9;0.05
17:29:48;80624.9;0.08
17:29:48;80624.8;0
17:29:48;80623.9;0.93
17:29:48;80623.8;0
17:29:48;80623.2;0.67
17:29:48;80624.7;0.52
17:29:48;80624.8;0.01
17:29:47;80624.8;1.57
17:29:47;80624.9;0
17:29:47;80624.9;0.85
17:29:47;80625.0;0
17:29:45;80624.9;0.45
17:29:45;80625.0;0
17:29:45;80624.9;0.45
17:29:45;80625.0;0.07
17:29:44;80630.4;1.67
17:29:43;80630.5;0.08
17:29:43;80630.4;0.44
17:29:43;80630.5;0.1
17:29:43;80632.7;0.02
17:29:43;80632.8;0.01
17:29:42;80632.8;0.17
17:29:42;80632.9;1.3
17:29:42;80632.8;0
17:29:42;80632.9;0.03
17:29:42;80632.8;0.02
17:29:41;80632.9;0.09
17:29:40;80635.4;0.35
17:29:40;80635.5;0
17:29:39;80635.4;0
17:29:39;80635.5;0.11
17:29:39;80635.4;0.03
17:29:39;80635.5;0.01
17:29:39;80635.4;0.31
17:29:39;80635.5;0.04
17:29:38;80635.4;0.19
17:29:38;80635.5;0.01
17:29:38;80638.8;0.23
17:29:37;80638.8;0.86
17:29:36;80638.9;0
17:29:36;80638.8;0.04
17:29:36;80638.9;0
17:29:35;80638.8;0.12
17:29:35;80638.9;0
17:29:35;80638.8;0
17:29:34;80638.9;0.01
17:29:33;80638.8;0.12
17:29:33;80638.9;1
17:29:32;80638.8;1.92
17:29:32;80638.9;0.47
17:29:32;80638.8;0.15
17:29:32;80638.9;0.13
17:29:31;80638.8;0.81
17:29:31;80638.9;0.14
17:29:31;80638.8;0.47
17:29:31;80638.9;0.02
17:29:31;80638.7;0
17:29:31;80630.0;32.08
17:29:31;80629.9;0
17:29:31;80629.9;2.19
17:29:31;80629.8;0
17:29:31;80629.2;0.52
17:29:31;80629.1;0
17:29:31;80628.8;0
17:29:31;80627.7;0.65
17:29:31;80626.0;0
17:29:31;80626.0;3.13
17:29:31;80625.9;1.02
17:29:31;80626.0;11.35
17:29:31;80629.8;1.15
17:29:30;80629.9;0.01
17:29:30;80629.8;0.3
17:29:30;80629.9;0.51
17:29:30;80629.9;1.07
17:29:29;80630.0;0
17:29:29;80629.9;0.01
17:29:28;80629.9;1.18
17:29:28;80630.0;0.05
17:29:28;80629.9;2
17:29:28;80630.0;0.04
17:29:28;80629.9;0
17:29:28;80630.0;0.06
17:29:28;80629.9;0.21
17:29:28;80630.0;7.99
17:29:28;80629.9;0
17:29:28;80630.0;11.21
17:29:28;80629.9;0.06
17:29:28;80630.0;0.12
17:29:28;80629.9;0.05
17:29:28;80630.0;1.02
17:29:28;80629.9;0.03
17:29:28;80630.0;0.01
17:29:27;80639.3;22.83
17:29:27;80639.4;0.01
17:29:27;80639.3;0.07
17:29:27;80639.4;0
17:29:26;80639.3;0.06
17:29:26;80639.4;0.01
17:29:26;80639.3;0.26
17:29:25;80639.4;0.08
17:29:25;80639.3;0.03
17:29:25;80639.4;1.1
17:29:25;80639.3;0.14
17:29:24;80639.4;0.05
17:29:24;80639.3;1.01
17:29:24;80639.4;0.01
17:29:24;80639.3;0.5
17:29:23;80639.4;0.04
17:29:23;80639.3;0.01
17:29:22;80639.4;0.07
17:29:22;80639.3;0.08
17:29:22;80639.4;0.38
17:29:22;80639.3;0
17:29:22;80639.4;0.05
17:29:21;80640.0;1.94
17:29:20;80640.1;0
17:29:20;80640.0;0.11
17:29:20;80640.1;0.07
17:29:20;80640.0;0.05
17:29:19;80640.1;0.03
17:29:19;80640.0;1.6
17:29:19;80640.1;0
17:29:19;80640.0;0.02
17:29:19;80640.1;0
17:29:19;80644.0;1.57
17:29:18;80644.1;0
17:29:18;80644.1;0.99
17:29:18;80644.2;0
17:29:17;80644.1;0.22
17:29:17;80644.2;0
17:29:16;80644.1;0.32
17:29:16;80644.2;0.64
17:29:16;80644.1;0
17:29:16;80644.2;0.01
17:29:16;80644.1;0
17:29:16;80644.2;0.04
17:29:15;80644.1;0.06
17:29:15;80644.2;0
17:29:15;80644.1;0.06
17:29:15;80644.2;0.35
17:29:14;80644.1;0.13
17:29:14;80644.2;0.11
17:29:14;80644.1;0
17:29:14;80644.2;0
17:29:13;80644.1;0.39
17:29:13;80644.2;0.01
17:29:13;80644.1;0.02
17:29:13;80644.2;0.02
17:29:13;80644.1;0.42
17:29:13;80644.2;0.05
17:29:13;80644.1;0.28
17:29:13;80644.2;0.04
17:29:12;80644.1;0.11
17:29:12;80644.2;1.06
17:29:12;80644.1;0.41
17:29:12;80644.2;0
17:29:12;80644.1;0.01
17:29:11;80644.2;0.03
17:29:11;80644.1;0.03
17:29:11;80644.2;0.17
17:29:11;80644.1;0.12
17:29:10;80644.2;0.75
17:29:10;80644.1;0.51
17:29:10;80644.2;0.04
17:29:10;80644.1;0.03
17:29:09;80644.2;0
17:29:09;80644.4;1.23
17:29:08;80644.5;0.02
17:29:07;80644.4;2.28
17:29:07;80644.5;0.01
17:29:06;80644.4;0.37
17:29:06;80644.5;0.31
17:29:06;80644.4;0.05
17:29:06;80644.5;0.01
17:29:06;80644.4;0.01
17:29:06;80644.5;0
17:29:05;80644.4;0.21
17:29:05;80644.5;0
17:29:05;80644.4;0.83
17:29:05;80644.5;0
17:29:05;80644.4;0.39
17:29:05;80644.5;0
17:29:05;80644.4;0.03
17:29:04;80644.5;0
17:29:04;80645.8;0.68
17:29:04;80647.9;0.02
17:29:04;80648.1;0.7
17:29:04;80650.1;0.07
17:29:04;80648.1;0.02
17:29:04;80650.1;0.01
17:29:04;80650.0;1.14
17:29:04;80650.1;0.01
17:29:04;80650.0;0.39
17:29:04;80650.1;0
17:29:04;80652.8;0.34
17:29:04;80652.9;0.24
17:29:04;80652.9;0.46
17:29:04;80653.0;0.02
17:29:04;80652.9;0.01
17:29:03;80653.0;0
17:29:03;80652.9;1.21
17:29:03;80653.0;0.02
17:29:02;80652.9;0.21
17:29:02;80653.0;0.02
17:29:02;80652.9;0.11
17:29:02;80653.0;0
17:29:02;80652.9;1.99
17:29:02;80653.0;0
17:29:01;80652.9;0.12
17:29:01;80653.0;0.04
17:29:00;80652.9;0.02
17:29:00;80653.0;0.05
17:28:59;80655.9;0.29
17:28:59;80656.0;0.09
17:28:59;80657.1;1.97
17:28:59;80657.2;0.1
17:28:58;80657.1;0.02
17:28:58;80657.2;0.02
17:28:58;80657.1;0.11
17:28:57;80657.2;0
17:28:57;80657.1;0.01
17:28:57;80657.2;0.2
17:28:56;80659.2;1.42
17:28:56;80659.3;0.48
17:28:56;80659.2;0.01
17:28:56;80659.3;0
17:28:55;80659.2;0.01
17:28:55;80659.3;0
17:28:55;80659.8;0.13
17:28:55;80660.0;0.06
17:28:55;80662.1;4.16
17:28:55;80662.2;0.1
17:28:54;80662.1;0.16
17:28:53;80662.1;0.01
17:28:53;80662.2;0
17:28:53;80662.1;0.01
17:28:53;80662.2;0.1
17:28:53;80662.1;0.08
17:28:53;80662.2;0
17:28:52;80666.9;1.12
17:28:52;80667.0;0.02
17:28:52;80666.9;0.03
17:28:52;80667.0;0.45
17:28:52;80667.0;3.84
17:28:52;80667.1;0.02
17:28:51;80667.0;0.11
17:28:51;80667.1;0.04
17:28:51;80667.2;0.32
17:28:51;80667.3;0.01
17:28:50;80667.2;3.24
17:28:50;80667.3;0.68
17:28:50;80667.2;0.02
17:28:49;80667.3;0
17:28:49;80667.2;0.07
17:28:49;80667.3;0.03
17:28:49;80667.2;0.02
17:28:48;80667.3;0
17:28:47;80667.2;0.62
17:28:46;80667.2;2.2
17:28:46;80667.3;0
17:28:45;80667.2;0.09
17:28:45;80667.3;1
17:28:44;80667.2;2.1
17:28:44;80667.3;0
17:28:44;80667.2;0
17:28:44;80674.9;0
17:28:43;80675.0;16.18
17:28:43;80675.1;0.1
17:28:43;80675.0;0.01
17:28:42;80675.1;0.39
17:28:42;80675.0;0
17:28:41;80675.3;1.15
17:28:41;80675.4;0.01
17:28:39;80675.3;0.24
17:28:39;80675.4;0.02
17:28:38;80675.3;0.24
17:28:36;80675.3;0.79
17:28:35;80675.3;0.08
17:28:35;80675.4;0
17:28:34;80675.3;0.31
17:28:34;80675.4;0
17:28:34;80675.3;4
17:28:33;80675.4;0.14
17:28:33;80675.3;0
17:28:33;80675.4;0
17:28:33;80675.3;0.13
17:28:32;80675.4;0
17:28:32;80675.3;0
17:28:32;80675.4;0.12
17:28:32;80675.3;0.02
17:28:32;80675.4;0.05
17:28:32;80675.3;0
17:28:31;80675.4;0.01
17:28:31;80675.3;0.08
17:28:30;80675.4;0.62
17:28:30;80675.3;0.1
17:28:30;80675.4;0.01
17:28:30;80675.3;0
17:28:30;80675.4;0
17:28:29;80675.3;0.51
17:28:28;80675.4;0.01
17:28:28;80675.3;0.01
17:28:27;80675.4;0.01
17:28:27;80675.3;0.18
17:28:26;80675.4;0
17:28:26;80675.3;2.71
17:28:25;80675.4;0.01
17:28:24;80675.3;0.08
17:28:24;80675.4;0.15
17:28:24;80675.3;0.06
17:28:24;80675.4;0
17:28:24;80675.3;0.01
17:28:24;80675.4;0.09
17:28:23;80675.3;0.23
17:28:23;80675.4;0
17:28:22;80675.3;0
17:28:22;80675.4;0.03
17:28:22;80675.3;0
17:28:22;80675.4;0
17:28:22;80681.3;1.82
17:28:21;80681.4;0.05
17:28:21;80681.3;0
17:28:21;80681.4;0.01
17:28:21;80681.3;0
17:28:21;80681.4;0
17:28:21;80682.8;1.72
17:28:20;80682.9;0
17:28:20;80682.8;0.01
17:28:20;80682.9;0
17:28:19;80682.8;0.24
17:28:19;80682.9;0.07
17:28:19;80682.8;0.21
17:28:18;80682.9;0.01
17:28:18;80682.8;0
17:28:18;80682.9;0.01
17:28:17;80682.8;0.86
17:28:17;80682.9;0.02
17:28:17;80682.8;0.02
17:28:16;80682.9;0.02
17:28:16;80682.8;0
17:28:16;80682.9;0.39
17:28:15;80682.8;0.53
17:28:14;80682.9;2.22
17:28:14;80682.8;0.4
17:28:14;80682.9;0.01
17:28:13;80682.8;0.01
17:28:13;80682.9;0.02
17:28:13;80682.8;0
17:28:12;80682.8;0.01
17:28:11;80682.9;0.02
17:28:10;80683.1;0.88
17:28:10;80683.2;0
17:28:10;80683.1;0.02
17:28:10;80683.2;0.04
17:28:09;80683.1;0.31
17:28:09;80683.2;0.02
17:28:09;80683.1;0
17:28:09;80682.7;0.05
17:28:09;80682.6;0
17:28:09;80680.0;0.22
17:28:09;80679.9;0.04
17:28:09;80680.0;0
17:28:09;80679.9;0.01
17:28:09;80679.7;0.07
17:28:08;80679.6;0.22
17:28:08;80679.7;0
17:28:08;80679.6;0
17:28:08;80679.0;0.17
17:28:08;80678.9;0.02
17:28:08;80678.4;1.01
17:28:07;80678.3;0.66
17:28:06;80678.1;1.85
17:28:06;80678.0;0.53
17:28:06;80678.1;0.06
17:28:06;80678.0;0
17:28:06;80678.1;0
17:28:06;80678.0;0.06
17:28:05;80678.1;0.05
17:28:05;80678.0;0.01
17:28:05;80678.1;0.1
17:28:05;80678.0;0.37
17:28:05;80678.1;0.01
17:28:04;80678.0;0.45
17:28:04;80678.1;0.08
17:28:03;80678.0;0.29
17:28:03;80678.1;0
17:28:02;80678.0;0.09
17:28:02;80678.1;0
17:28:01;80680.0;3.25
17:28:01;80680.1;0.09
17:28:01;80684.6;6.94
17:28:01;80684.7;0.01
17:28:01;80684.6;0.01
17:28:01;80684.7;0.12
17:28:00;80685.4;0.68
17:28:00;80685.5;0
17:28:00;80690.8;0.15
17:28:00;80690.9;0.04
17:28:00;80690.8;0.56
17:28:00;80690.9;0.04
17:28:00;80694.8;0.68
17:28:00;80694.9;0
17:28:00;80694.8;0.01
17:28:00;80699.8;0.04
17:28:00;80685.0;0.18
17:28:00;80700.1;1.87
17:28:00;80686.1;4.97
17:28:00;80700.1;0.01
17:27:59;80700.8;37.46
17:27:58;80706.6;8.01
17:27:58;80706.7;0.01
17:27:57;80706.6;0.73
17:27:57;80706.7;0.06
17:27:57;80710.0;0.8
17:27:57;80710.1;0.01
17:27:56;80710.7;0.08
17:27:56;80710.8;0.01
17:27:56;80710.7;0.01
17:27:55;80712.0;1.63
17:27:54;80712.0;2.14
17:27:54;80712.1;0
17:27:54;80712.0;0.03
17:27:54;80712.1;0
17:27:53;80712.0;1.07
17:27:52;80712.0;0.29
17:27:52;80712.1;0.02
17:27:52;80712.0;0.01
17:27:52;80712.1;0
17:27:51;80712.0;0.18
17:27:51;80712.1;0
17:27:50;80712.0;0.03
17:27:50;80712.1;0.25
17:27:50;80712.0;0.11
17:27:49;80712.0;0.01
17:27:48;80713.3;0.68
17:27:48;80713.4;0.01
17:27:48;80713.3;0.04
17:27:48;80713.4;0
17:27:48;80715.0;0.4
17:27:48;80715.1;0.02
17:27:47;80724.7;5.15
17:27:46;80724.7;0.09
17:27:45;80724.8;0
17:27:45;80724.7;0.21
17:27:44;80724.8;0.06
17:27:44;80724.7;0.02
17:27:43;80724.7;0.1
17:27:43;80724.8;0
17:27:42;80724.7;0.03
17:27:42;80724.8;0.42
17:27:40;80724.7;0.05
17:27:39;80724.8;0
17:27:39;80724.7;0
17:27:37;80728.0;0.59
17:27:37;80728.1;0.07
17:27:36;80728.0;0
17:27:36;80728.1;0.04
17:27:36;80729.8;0.81
17:27:36;80729.9;0.02
17:27:35;80735.0;0.67
17:27:35;80735.1;0.04
17:27:35;80735.0;0.12
17:27:34;80735.1;0.02
17:27:34;80740.9;0.76
17:27:34;80743.7;2.28
17:27:34;80743.7;40
17:27:34;80743.8;0.05
17:27:33;80743.7;0.13
17:27:33;80743.8;0
17:27:33;80743.7;0.01
17:27:32;80743.8;0.02
17:27:31;80743.7;0.01
17:27:31;80743.8;0.01
17:27:31;80743.7;0.01
17:27:30;80743.8;0
17:27:30;80743.7;0
17:27:28;80743.7;0
17:27:27;80743.8;0.1
17:27:27;80743.7;0.09
17:27:25;80743.8;0.06
17:27:25;80743.7;0.01
17:27:24;80743.8;0.04
17:27:24;80743.7;0.05
17:27:22;80743.8;0.01
17:27:22;80743.7;0
17:27:21;80743.7;0.21
17:27:20;80743.8;0.45
17:27:19;80743.7;0.05
17:27:18;80743.8;0.01
17:27:17;80743.7;0.01
17:27:17;80743.8;0
17:27:17;80745.1;1.01
17:27:16;80745.2;0.62
17:27:16;80745.1;0.06
17:27:16;80745.2;0.03
17:27:15;80746.9;0.56
17:27:15;80747.0;0
17:27:15;80750.0;0.36
17:27:15;80750.1;0
17:27:14;80751.2;0.2
17:27:13;80751.3;0.02
17:27:13;80752.3;0.06
17:27:13;80752.4;0.01
17:27:13;80752.3;0.12
17:27:13;80752.4;0.02
17:27:12;80755.7;0.46
17:27:12;80755.8;0.01
17:27:11;80756.0;0.17
17:27:10;80756.1;0.05
17:27:10;80763.9;0.68
17:27:09;80764.0;0.02
17:27:09;80763.9;0
17:27:07;80763.9;0.03
17:27:07;80764.0;0.02
17:27:06;80763.9;0.14
17:27:05;80763.9;0
17:27:03;80763.9;1.04
17:27:02;80764.0;0.09
17:27:02;80763.9;0.02
17:27:01;80764.0;0.31
17:27:01;80763.9;0.02
17:27:01;80764.0;0
17:27:00;80763.9;1.66
17:27:00;80764.0;0.03
17:27:00;80757.9;20
17:27:00;80757.8;0.13
17:26:59;80757.9;0.15
17:26:58;80760.2;0.55
17:26:57;80760.7;1.15
17:26:57;80760.8;0
17:26:56;80760.7;0.01
17:26:56;80760.8;0
17:26:56;80760.7;0.1
17:26:54;80760.8;0.03
17:26:53;80760.7;0
17:26:52;80760.8;0.04
17:26:51;80760.8;0.01
17:26:51;80762.7;0.08
17:26:51;80762.8;0.01
17:26:49;80765.9;0.47
17:26:49;80766.0;0.01
17:26:49;80765.9;0
17:26:48;80766.0;0.04
17:26:48;80765.9;0
17:26:48;80766.0;0.12
17:26:47;80765.9;0.09
17:26:46;80760.3;1.26
17:26:46;80760.2;0.01
17:26:46;80759.7;1
17:26:45;80759.6;0.25
17:26:44;80759.6;0.25
17:26:43;80759.7;0.34
17:26:42;80759.6;0
17:26:42;80759.7;0
17:26:41;80759.6;0.06
17:26:39;80759.7;0.01
17:26:38;80759.7;0.17
17:26:38;80759.6;0.04
17:26:38;80759.7;0
17:26:38;80759.6;0.08
17:26:37;80759.6;0.15
17:26:36;80759.7;0.01
17:26:36;80759.6;0.18
17:26:35;80759.7;0
17:26:35;80759.6;0.06
17:26:35;80759.7;0.02
17:26:35;80759.6;0.73
17:26:35;80755.8;0.5
17:26:34;80755.8;0.29
17:26:33;80755.7;0.03
17:26:32;80755.8;0.31
17:26:32;80755.7;0
17:26:31;80755.7;0.05
17:26:30;80755.7;0.01
17:26:30;80755.8;0.99
17:26:30;80755.7;0
17:26:29;80755.8;0
17:26:28;80755.8;0.17
17:26:28;80755.7;0.09
17:26:27;80755.8;0.06
17:26:27;80755.7;0.07
17:26:27;80755.8;0.01
17:26:27;80755.7;0.01
17:26:27;80755.8;0.06
17:26:26;80755.7;0.01
17:26:26;80755.8;0.01
17:26:24;80755.7;0.02
17:26:24;80755.8;0.01
17:26:23;80755.7;0
17:26:22;80755.8;0.01
17:26:22;80755.7;0.02
17:26:21;80755.8;0.04
17:26:20;80755.7;0.01
17:26:18;80755.7;0.02
17:26:18;80755.8;0.01
17:26:17;80755.7;0.01
17:26:17;80755.8;0
17:26:17;80755.7;0
17:26:17;80755.8;0
17:26:16;80755.7;0.29
17:26:16;80755.8;0
17:26:16;80755.7;0.01
17:26:16;80755.8;0
17:26:15;80759.9;0.08
17:26:15;80760.0;0.01
17:26:15;80759.9;0.09
17:26:14;80759.9;0.49
17:26:14;80760.0;0.01
17:26:13;80759.9;0
17:26:13;80760.0;0
17:26:13;80759.9;0.09
17:26:12;80760.0;0.02
17:26:12;80759.9;0.01
17:26:12;80760.0;0.06
17:26:11;80759.9;0.06
17:26:10;80759.9;0.66
17:26:09;80760.0;0.04
17:26:09;80759.9;0.03
17:26:09;80760.0;0
17:26:09;80759.9;0.13
17:26:09;80760.0;0.03
17:26:09;80759.9;0.06
17:26:08;80759.9;0.19
17:26:07;80759.9;0.03
17:26:06;80760.0;0.04
17:26:05;80759.9;0.01
17:26:05;80751.6;12.79
17:26:05;80751.5;0.02
17:26:05;80751.3;0.35
17:26:05;80751.2;0
17:26:05;80751.3;0.04
17:26:05;80751.2;0.01
17:26:04;80751.3;0.03
17:26:04;80751.2;0.01
17:26:04;80751.3;0.01
17:26:02;80755.9;3.87
17:26:02;80756.0;0
17:26:01;80759.9;0.68
17:26:01;80754.9;0.24
17:26:00;80754.8;0.04
17:26:00;80754.9;0.01
17:26:00;80754.8;0.01
17:26:00;80752.0;0.1
17:25:59;80751.9;0.48
17:25:59;80752.0;0
17:25:59;80751.9;0.01
17:25:58;80751.9;0.06
17:25:58;80752.0;0.01
17:25:57;80751.9;0.1
17:25:57;80750.6;1.02
17:25:57;80750.5;0
17:25:57;80750.6;0
17:25:56;80750.5;0
17:25:56;80750.6;0.02
17:25:55;80750.5;0.17
17:25:55;80750.6;0
17:25:54;80750.5;0.11
17:25:52;80750.5;0.14
17:25:51;80750.5;0.01
17:25:51;80750.6;0.05
17:25:50;80750.5;0.1
17:25:50;80750.6;0
17:25:48;80750.5;0.01
17:25:48;80750.6;0.02
17:25:48;80750.5;0.1
17:25:48;80750.6;0
17:25:48;80750.5;2
17:25:48;80750.6;0
17:25:47;80750.5;0
17:25:47;80750.6;0.03
17:25:47;80750.5;0.26
17:25:46;80750.6;0.03
17:25:46;80750.5;0
17:25:45;80751.0;5.11
17:25:44;80751.0;0.2
17:25:43;80751.0;0.06
17:25:42;80751.1;0
17:25:42;80753.5;0.08
17:25:42;80753.6;0.02
17:25:41;80754.9;0.02
17:25:40;80756.0;0.11
17:25:39;80756.1;0.02
17:25:39;80756.5;4.45
17:25:38;80756.6;0.03
17:25:38;80756.5;0
17:25:38;80756.6;0.01
17:25:37;80756.5;0.06
17:25:36;80756.6;0
17:25:35;80762.4;0.22
17:25:34;80762.5;0.01
17:25:33;80763.3;0.1
17:25:32;80763.3;0.07
17:25:32;80763.4;0.09
17:25:31;80765.0;0.17
17:25:30;80765.0;0.01
17:25:30;80765.1;0.01
17:25:29;80765.0;0.01
17:25:28;80765.0;0.01
17:25:27;80765.0;0.4
17:25:26;80765.0;0.01
17:25:25;80765.1;0.09
17:25:24;80765.0;0
17:25:24;80765.1;0.01
17:25:23;80765.0;0.15
17:25:22;80765.1;0
17:25:22;80765.0;0.01
17:25:22;80765.1;0.15
17:25:21;80765.0;0
17:25:21;80765.1;0.49
17:25:21;80767.5;0.03
17:25:20;80767.6;0.02
17:25:20;80767.5;0.12
17:25:20;80767.6;0
17:25:20;80771.4;0.06
17:25:19;80771.4;0.16
17:25:18;80771.5;0.06
17:25:18;80771.4;0
17:25:18;80771.5;0.05
17:25:17;80771.4;0.01
17:25:16;80771.4;0.06
17:25:15;80771.5;0.02
17:25:15;80771.4;0.05
17:25:15;80771.5;0
17:25:15;80771.4;0.02
17:25:15;80771.5;0.09
17:25:15;80773.1;0.08
17:25:15;80773.2;0.02
17:25:14;80773.1;0.05
17:25:13;80773.1;0.04
17:25:12;80773.1;0.07
17:25:11;80770.6;0.05
17:25:11;80770.5;0
17:25:11;80766.3;0.19
17:25:11;80766.2;0
17:25:11;80763.7;0.45
17:25:10;80763.6;0.2
17:25:10;80763.7;0
17:25:09;80762.3;0.77
17:25:08;80762.2;1.05
17:25:07;80762.3;0
17:25:07;80762.2;0
17:25:07;80762.3;0.04
17:25:06;80768.0;1.94
17:25:05;80768.1;0
17:25:05;80773.2;0.52
17:25:05;80773.3;0.01
17:25:04;80773.2;0.14
17:25:03;80773.3;0.13
17:25:01;80773.3;0.54
17:25:01;80773.2;0
17:25:01;80773.3;0.01
17:25:00;80780.5;1.3
17:24:59;80780.5;0.01
17:24:58;80781.4;0.02
17:24:57;80781.5;0
17:24:57;80781.4;2.79
17:24:56;80784.8;0.09
17:24:55;80784.9;0
17:24:55;80785.8;0.08
17:24:55;80785.9;0.01
17:24:54;80785.8;0.01
17:24:54;80785.9;0.02
17:24:53;80785.8;0.01
17:24:53;80785.9;0
17:24:53;80785.8;0.01
17:24:52;80785.9;0.11
17:24:51;80785.8;0.02
17:24:51;80785.9;0
17:24:51;80785.8;0.39
17:24:50;80785.9;0
17:24:50;80785.8;0.02
17:24:50;80785.9;0
17:24:50;80785.8;0
17:24:49;80785.9;0.03
17:24:49;80785.8;0.06
17:24:49;80785.9;0
17:24:48;80785.8;0.14
17:24:48;80780.7;0.8
17:24:47;80780.6;0.01
17:24:47;80775.9;1.19
17:24:47;80775.8;0
17:24:47;80772.6;1.72
17:24:46;80772.5;0.02
17:24:46;80772.6;0.1
17:24:46;80772.5;0.01
17:24:46;80772.6;0.37
17:24:44;80772.5;0.08
17:24:44;80772.6;0
17:24:43;80772.5;0.01
17:24:42;80772.6;0.02
17:24:42;80772.5;0.05
17:24:42;80772.6;0.04
17:24:42;80772.5;0.01
17:24:42;80772.6;0
17:24:41;80775.2;0.07
17:24:41;80775.3;0
17:24:41;80777.0;0.08
17:24:41;80777.1;0.13
17:24:40;80784.3;1.55
17:24:40;80784.4;0
17:24:39;80784.3;0.11
17:24:39;80784.4;0.02
17:24:38;80784.4;0.53
17:24:37;80784.3;0.02
17:24:37;80784.4;0.02
17:24:36;80784.3;0
17:24:36;80784.4;0.05
17:24:35;80784.3;0
17:24:35;80784.4;0
17:24:35;80784.3;0.01
17:24:35;80784.4;0
17:24:35;80784.3;0.03
17:24:35;80784.4;0.01
17:24:34;80784.3;0.07
17:24:34;80784.4;0.02
17:24:34;80784.3;0.05
17:24:32;80784.4;0.13
17:24:32;80784.3;0
17:24:32;80784.4;0
17:24:31;80784.3;0
17:24:31;80784.4;0.11
17:24:31;80784.3;0.76
17:24:30;80784.4;0
17:24:30;80784.4;0
17:24:30;80784.6;0
17:24:30;80786.8;0.03
17:24:30;80786.9;0
17:24:29;80790.8;1.08
17:24:29;80790.9;0
17:24:29;80790.8;0
17:24:29;80790.9;0.01
17:24:28;80790.8;0.05
17:24:28;80790.9;0.02
17:24:27;80790.8;0
17:24:27;80790.9;0.01
17:24:26;80790.8;0.15
17:24:26;80790.9;0.02
17:24:25;80790.8;0
17:24:24;80790.9;0.01
17:24:24;80790.8;0.05
17:24:24;80790.9;0.04
17:24:23;80790.8;2.04
17:24:22;80790.9;1.13
17:24:22;80790.8;0.05
17:24:22;80790.9;0.01
17:24:21;80790.8;0.14
17:24:21;80790.9;0.02
17:24:21;80790.8;0
17:24:21;80790.9;0
17:24:20;80790.8;0.01
17:24:20;80790.9;0.1
17:24:19;80790.8;0.28
17:24:18;80790.9;0.14
17:24:18;80790.8;0
17:24:18;80790.9;0.02
17:24:17;80790.8;0.01
17:24:17;80790.9;0.02
17:24:17;80790.8;0
17:24:17;80790.9;0
17:24:16;80790.8;0.03
17:24:16;80790.9;0.02
17:24:14;80790.8;0.01
17:24:13;80790.9;0
17:24:13;80790.8;0.02
17:24:13;80790.9;0.3
17:24:13;80790.8;0
17:24:13;80790.9;0
17:24:13;80790.8;0.12
17:24:12;80788.5;0.58
17:24:12;80788.4;0.04
17:24:12;80788.5;0.03
17:24:12;80788.4;0
17:24:12;80772.3;3.81
17:24:12;80772.2;0.1
17:24:12;80772.3;0
17:24:11;80772.2;0.09
17:24:10;80772.3;0.04
17:24:10;80772.2;0
17:24:10;80755.8;1.85
17:24:10;80755.7;0.02
17:24:10;80755.8;0.02
17:24:10;80755.7;0
17:24:09;80752.9;0.43
17:24:09;80752.8;0.19
17:24:09;80752.9;0.01
17:24:08;80742.6;5.95
17:24:07;80742.5;0.01
17:24:06;80742.5;0.07
17:24:05;80742.5;0.01
17:24:05;80742.6;0.04
17:24:05;80742.5;0
17:24:04;80742.6;0.04
17:24:04;80742.5;0.04
17:24:04;80742.6;0.02
17:24:03;80742.5;0
17:24:03;80742.6;0.02
17:24:02;80742.5;0.03
17:24:02;80742.6;0.06
17:24:01;80742.5;0.18
17:24:00;80742.5;0.02
17:24:00;80742.6;0.01
17:24:00;80742.5;0.02
17:23:59;80742.6;0.01
17:23:59;80742.5;0.01
17:23:57;80742.5;0
17:23:57;80742.6;1.07
17:23:57;80742.5;0.01
17:23:56;80742.5;0.01
17:23:55;80743.7;0.87
17:23:54;80743.8;0.01
17:23:52;80743.7;0.02
17:23:51;80743.8;0.1
17:23:51;80743.7;0.02
17:23:51;80743.8;0.02
17:23:50;80743.7;0
17:23:49;80743.8;0.04
17:23:49;80743.7;0
17:23:49;80743.8;0
17:23:48;80743.7;0.03
17:23:48;80743.8;0.04
17:23:48;80743.7;0.01
17:23:47;80743.8;0.07
17:23:46;80743.7;0.46
17:23:45;80743.8;0.04
17:23:45;80743.7;0
17:23:44;80743.8;0.28
17:23:44;80743.7;0
17:23:44;80743.8;0.01
17:23:42;80743.7;0
17:23:42;80743.8;0
17:23:42;80743.7;0.06
17:23:41;80743.8;0.25
17:23:40;80743.7;0.01
17:23:40;80743.8;0.01
17:23:39;80743.7;0.03
17:23:38;80743.7;0.02
17:23:38;80743.8;0
17:23:37;80743.7;0.07
17:23:36;80743.7;0
17:23:34;80743.8;0.22
17:23:33;80743.7;0.12
17:23:32;80743.8;0.01
17:23:32;80743.7;0.01
17:23:32;80743.8;0.02
17:23:30;80743.8;0.34
17:23:30;80743.7;0
17:23:29;80743.8;0
17:23:29;80743.7;0
17:23:29;80743.8;0
17:23:28;80743.7;0.29
17:23:27;80743.8;0
17:23:26;80743.8;0.08
17:23:26;80743.7;0.1
17:23:25;80743.8;0.06
17:23:25;80743.7;0.07
17:23:24;80743.8;0.51
17:23:24;80745.0;0.27
17:23:23;80745.1;0.06
17:23:22;80745.0;0.01
17:23:22;80745.1;0
17:23:21;80745.1;0.13
17:23:21;80745.0;0.01
17:23:19;80745.1;0.05
17:23:19;80745.0;0.09
17:23:19;80745.1;0
17:23:18;80745.0;0.7
17:23:18;80745.1;0
17:23:18;80747.8;0.14
17:23:16;80751.8;0.87
17:23:15;80751.9;0
17:23:14;80751.8;0.27
17:23:14;80751.9;0
17:23:13;80751.8;0.08
17:23:13;80751.9;0.02
17:23:12;80751.8;0
17:23:11;80751.9;0.02
17:23:10;80751.8;0.47
17:23:10;80751.9;0.5
17:23:09;80751.8;0
17:23:09;80751.9;0.06
17:23:09;80751.8;0.05
17:23:08;80751.8;0.08
17:23:07;80751.8;0.04
17:23:07;80751.9;0.05
17:23:06;80751.8;0.02
17:23:06;80751.9;0.09
17:23:06;80751.8;0
17:23:05;80751.9;0.09
17:23:05;80751.8;0.39
17:23:04;80751.9;1.82
17:23:04;80751.8;0
17:23:03;80751.9;0.01
17:23:02;80751.8;0.01
17:23:02;80751.9;0
17:23:01;80751.8;0.01
17:23:01;80751.9;0.01
17:23:01;80751.8;0.01
17:23:01;80751.9;0.04
17:23:01;80751.8;0.03
17:23:00;80751.0;0.03
17:23:00;80750.9;0
17:22:59;80748.7;3.32
17:22:59;80748.6;0
17:22:59;80748.7;0.1
17:22:58;80748.7;0.02
17:22:57;80748.6;0.06
17:22:57;80748.7;0.04
17:22:56;80748.6;0.11
17:22:54;80748.7;2.01
17:22:54;80748.6;0
17:22:53;80748.7;0.01
17:22:53;80748.6;0.33
17:22:53;80748.7;0.03
17:22:52;80748.6;0
17:22:52;80748.7;0
17:22:51;80748.7;0.03
17:22:50;80748.6;0.01
17:22:49;80748.7;0.08
17:22:48;80748.6;0.01
17:22:48;80748.7;0.01
17:22:48;80748.6;0
17:22:47;80748.7;0
17:22:47;80748.6;0
17:22:46;80748.7;0.02
17:22:45;80748.6;0.16
17:22:45;80748.7;0.1
17:22:44;80748.6;0.01
17:22:42;80748.6;0.01
17:22:42;80748.7;0.07
17:22:42;80748.6;0.31
17:22:41;80748.7;0
17:22:41;80748.6;0
17:22:41;80748.7;0.05
17:22:41;80748.6;0.01
17:22:40;80748.7;0.09
17:22:39;80748.6;0.35
17:22:38;80748.7;0.18
17:22:38;80748.6;0
17:22:37;80748.7;0.01
17:22:36;80748.6;0.02
17:22:36;80748.7;0.01
17:22:35;80748.6;0.01
17:22:34;80748.6;0.41
17:22:34;80748.7;0
17:22:33;80748.6;0.03
17:22:33;80748.7;0.02
17:22:33;80748.6;0.43
17:22:31;80748.7;0.56
17:22:30;80748.6;0.06
17:22:30;80748.7;0.01
17:22:29;80748.6;0.69
17:22:28;80748.7;0
17:22:28;80748.6;0.05
17:22:27;80748.6;0.16
17:22:27;80740.8;1.52
17:22:27;80740.7;0.11
17:22:26;80740.8;0
17:22:26;80740.7;0
17:22:26;80740.8;0.09
17:22:26;80740.7;0.08
17:22:26;80740.8;0.04
17:22:25;80740.7;0.06
17:22:25;80740.8;1
17:22:24;80740.7;0
17:22:24;80740.8;0
17:22:23;80740.7;0.26
17:22:23;80739.6;0.02
17:22:23;80739.5;0
17:22:23;80738.9;0.01
17:22:23;80738.8;0
17:22:23;80738.1;0.01
17:22:23;80737.6;0
17:22:23;80735.0;0.6
17:22:22;80734.9;0.02
17:22:22;80735.0;0
17:22:22;80734.9;0.03
17:22:21;80734.9;1.04
17:22:20;80734.9;0.01
17:22:19;80735.2;1.35
17:22:19;80735.3;0.02
17:22:18;80740.8;0.59
17:22:18;80740.9;0
17:22:17;80740.8;0.11
17:22:16;80740.8;0.02
17:22:16;80740.9;0
17:22:15;80746.5;0.24
17:22:15;80746.6;0.01
17:22:14;80746.6;0.02
17:22:14;80746.8;0.01
17:22:14;80751.9;1.79
17:22:14;80752.0;0.08
17:22:14;80751.9;0.01
17:22:13;80752.0;0.05
17:22:13;80751.9;0.02
17:22:13;80752.0;0.01
17:22:12;80751.9;0.07
17:22:11;80752.0;0.02
17:22:10;80751.9;0.05
17:22:10;80752.0;0.01
17:22:09;80751.9;0.07
17:22:09;80752.0;0.27
17:22:08;80751.9;0.3
17:22:07;80751.9;0.09
17:22:07;80752.0;0
17:22:06;80754.0;0.11
17:22:05;80760.0;0.9
17:22:04;80760.0;0.07
17:22:03;80760.1;0.11
17:22:03;80760.0;0
17:22:03;80760.1;0
17:22:02;80760.0;0
17:22:02;80760.1;0
17:22:02;80760.6;1.28
17:22:02;80760.7;0.08
17:22:02;80763.6;0.08
17:22:02;80767.9;0.21
17:22:01;80768.0;0.02
17:22:00;80767.9;0
17:22:00;80767.3;0.01
17:22:00;80767.2;0
17:22:00;80766.8;0.01
17:22:00;80766.7;0.01
17:22:00;80766.4;0
17:22:00;80766.3;0
17:22:00;80765.5;0.01
17:22:00;80765.3;0
17:22:00;80760.1;8.23
17:21:59;80760.0;0
17:21:59;80760.1;0.01
17:21:59;80760.0;0.01
17:21:59;80760.1;1.06
17:21:58;80760.0;0.06
17:21:58;80760.1;0
17:21:57;80760.0;0
17:21:57;80760.1;0
17:21:57;80760.0;0
17:21:56;80760.1;0.06
17:21:56;80760.0;0.03
17:21:56;80760.1;0.48
17:21:55;80760.0;0.05
17:21:54;80760.4;0.19
17:21:53;80760.4;1.68
17:21:52;80760.4;0.01
17:21:52;80760.5;0
17:21:51;80760.4;0.02
17:21:51;80760.5;0.02
17:21:50;80760.5;0
17:21:49;80760.4;0.04
17:21:49;80760.5;0
17:21:48;80760.4;0
17:21:48;80760.5;0
17:21:48;80761.0;5.28
17:21:48;80761.1;0
17:21:47;80761.0;0.53
17:21:46;80761.0;0.46
17:21:45;80761.1;0
17:21:45;80761.0;0.01
17:21:45;80761.1;0
17:21:44;80761.0;0.3
17:21:42;80763.4;0.53
17:21:42;80763.5;0.1
17:21:42;80763.4;0.12
17:21:42;80763.5;0.01
17:21:42;80774.2;1.7
17:21:42;80774.3;0.26
17:21:41;80774.2;0.02
17:21:41;80774.3;0
17:21:41;80774.2;0.04
17:21:41;80774.3;0.03
17:21:41;80774.2;0.03
17:21:41;80774.3;0.12
17:21:40;80774.2;0.48
17:21:40;80774.3;0.1
17:21:39;80778.0;0.1
17:21:39;80778.1;0.03
17:21:38;80785.1;1.33
17:21:38;80785.2;0.01
17:21:38;80785.9;0.16
17:21:37;80786.0;0
17:21:37;80785.9;0.06
17:21:36;80786.0;0.13
17:21:36;80790.4;0.69
17:21:36;80790.5;0
17:21:36;80795.5;0.21
17:21:36;80795.6;0
17:21:36;80801.2;1.95
17:21:36;80801.3;0
17:21:35;80801.2;0.01
17:21:33;80801.3;0.01
17:21:33;80801.2;0
17:21:33;80801.3;0.02
17:21:31;80801.2;0.02
17:21:31;80801.3;0
17:21:31;80801.2;0
17:21:30;80801.2;0.01
17:21:30;80801.3;0
17:21:29;80809.6;1.82
17:21:29;80809.7;0
17:21:29;80809.6;0
17:21:29;80809.7;0
17:21:28;80809.6;0
17:21:27;80809.7;0.05
17:21:26;80809.6;0.01
17:21:26;80809.7;0.02
17:21:26;80809.6;0.06
17:21:24;80809.7;0
17:21:24;80809.6;0.13
17:21:23;80809.6;0.53
17:21:21;80809.6;0.03
17:21:21;80809.7;0.01
17:21:20;80809.6;0
17:21:20;80809.7;0.27
17:21:20;80809.6;0.06
17:21:20;80809.7;0.13
17:21:20;80809.6;0
17:21:20;80809.7;0
17:21:18;80809.7;0.08
17:21:16;80809.7;0.05
17:21:16;80809.6;0.04
17:21:15;80809.6;0.01
17:21:14;80809.7;0.52
17:21:14;80809.6;0.01
17:21:14;80806.4;0.19
17:21:14;80801.3;3.31
17:21:14;80801.2;0
17:21:14;80801.3;0
17:21:14;80801.2;0
17:21:13;80801.3;0.16
17:21:13;80801.2;0.01
17:21:13;80801.3;0.2
17:21:12;80801.2;0.02
17:21:11;80801.3;0.03
17:21:10;80801.2;0.02
17:21:10;80801.3;0
17:21:09;80801.2;0.14
17:21:09;80801.3;0.11
17:21:08;80801.2;0.01
17:21:07;80801.3;0.03
17:21:07;80801.2;0.04
17:21:06;80801.3;0.12
17:21:05;80801.3;0.06
17:21:05;80801.2;0.02
17:21:05;80801.3;0.03
17:21:04;80801.2;0
17:21:04;80801.3;0.17
17:21:03;80801.2;0.1
17:21:03;80801.3;0.1
17:21:02;80801.2;0
17:21:02;80801.3;0
17:21:01;80801.3;0.07
17:21:01;80801.2;0.04
17:21:01;80801.3;0.01
17:21:01;80801.2;0.01
17:21:01;80801.3;0
17:21:00;80801.2;0
17:21:00;80801.3;0.06
17:21:00;80801.2;0.06
17:21:00;80800.7;0
17:21:00;80800.5;0
17:21:00;80791.6;2.14
17:21:00;80791.5;0
17:21:00;80789.1;0.01
17:21:00;80785.2;2.36
17:20:59;80785.1;0.01
17:20:59;80785.2;0
17:20:57;80785.2;0.04
17:20:57;80785.1;0.03
17:20:57;80785.2;0.01
17:20:56;80785.1;0
17:20:55;80785.1;0.12
17:20:55;80785.2;0.05
17:20:55;80785.0;0
17:20:55;80783.7;0.01
17:20:55;80783.6;0
17:20:55;80782.3;0.02
17:20:55;80781.5;0
17:20:55;80781.0;0.04
17:20:55;80780.9;0
17:20:55;80780.7;0.55
17:20:54;80780.6;0
17:20:54;80780.7;0.72
17:20:52;80780.7;0.05
17:20:51;80780.6;0.72
17:20:50;80780.6;0.35
17:20:50;80780.7;0.91
17:20:49;80780.6;0
17:20:49;80780.7;0
17:20:49;80780.6;0
17:20:49;80780.7;0.67
17:20:48;80780.6;0
17:20:48;80780.7;0.31
17:20:47;80780.6;0.05
17:20:47;80780.7;0.15
17:20:47;80780.6;0.01
17:20:47;80780.7;0.27
17:20:46;80780.6;0.25
17:20:45;80780.7;0.04
17:20:45;80780.6;0.02
17:20:45;80780.7;0.01
17:20:44;80780.6;0.3
17:20:44;80780.7;0.05
17:20:43;80780.6;0.04
17:20:43;80780.7;0.5
17:20:42;80780.6;0
17:20:41;80780.7;0.06
17:20:41;80780.6;0.03
17:20:41;80780.7;0.04
17:20:40;80780.6;0.1
17:20:39;80780.7;0
17:20:39;80780.6;0.29
17:20:38;80780.7;0.02
17:20:38;80780.6;0.02
17:20:38;80780.7;0
17:20:38;80780.6;0.42
17:20:37;80780.7;0
17:20:37;80780.6;0
17:20:36;80780.7;0.1
17:20:36;80780.6;0.02
17:20:36;80780.7;0.01
17:20:35;80780.6;0.06
17:20:34;80780.7;0
17:20:34;80780.6;1.24
17:20:34;80780.7;0.01
17:20:34;80780.6;0.06
17:20:33;80780.7;0
17:20:33;80780.6;0.14
17:20:32;80780.7;0.14
17:20:31;80780.6;0.16
17:20:31;80780.7;0.03
17:20:31;80780.6;0.09
17:20:30;80780.7;0
17:20:29;80780.6;0.24
17:20:29;80780.7;0.31
17:20:28;80780.6;0.04
17:20:27;80780.6;0
17:20:26;80780.7;0.01
17:20:26;80780.6;0.13
17:20:26;80780.7;0
17:20:26;80780.6;0.08
17:20:26;80780.7;0
17:20:26;80780.6;0.01
17:20:24;80780.6;0.11
17:20:24;80780.7;0.04
17:20:23;80780.6;0
17:20:23;80780.7;0.02
17:20:23;80780.6;0.06
17:20:22;80780.7;0.03
17:20:21;80780.6;0.02
17:20:21;80780.7;0.01
17:20:21;80780.6;0.07
17:20:20;80780.7;0.07
17:20:19;80780.6;0.36
17:20:19;80780.7;0.7
17:20:18;80788.7;2.8
17:20:18;80788.8;0.03
17:20:18;80788.7;0.01
17:20:17;80788.8;0
17:20:17;80788.7;0
17:20:17;80788.8;0
17:20:17;80788.7;0.04
17:20:16;80788.8;0.02
17:20:15;80788.7;0.73
17:20:15;80788.8;0.05
17:20:15;80788.7;0.69
17:20:14;80788.7;0.61
17:20:14;80788.8;0.02
17:20:14;80788.7;0.36
17:20:13;80788.8;0.01
17:20:13;80788.7;0.05
17:20:13;80788.8;0
17:20:13;80788.7;0.06
17:20:13;80788.8;0.01
17:20:12;80788.7;0
17:20:12;80788.8;0.01
17:20:12;80788.7;0.16
17:20:12;80788.8;0.01
17:20:11;80788.7;0.06
17:20:11;80788.8;0
17:20:11;80788.7;0
17:20:11;80788.8;0.01
17:20:11;80788.7;0.16
17:20:10;80788.8;0
17:20:09;80788.7;1.36
17:20:09;80788.8;0
17:20:09;80788.7;0.12
17:20:08;80788.8;0.13
17:20:08;80788.7;0
17:20:08;80788.8;0.02
17:20:08;80799.9;1.04
17:20:07;80800.0;0.11
17:20:06;80799.9;0.01
17:20:06;80800.0;0.31
17:20:06;80799.9;0
17:20:06;80800.0;0.07
17:20:06;80799.9;0
17:20:06;80800.0;0.01
17:20:05;80799.9;0.19
17:20:05;80800.0;0.01
17:20:04;80799.9;0.02
17:20:04;80800.0;0.1
17:20:04;80799.9;0
17:20:04;80800.0;0
17:20:04;80799.9;1.99
17:20:03;80800.0;0.02
17:20:03;80799.9;0.17
17:20:03;80800.0;0.01
17:20:03;80799.9;0.05
17:20:03;80800.0;0.01
17:20:02;80799.9;0
17:20:02;80799.6;0.01
17:20:02;80799.5;0
17:20:02;80798.9;1.71
17:20:02;80798.8;0
17:20:02;80798.6;1.01
17:20:02;80798.5;0
17:20:02;80795.2;5.25
17:20:02;80795.1;0.16
17:20:00;80795.1;0.18
