Time;Bids;;;;Ask;Delta
20.09.2026 15:47:43;80503.5;5,265;0;3,320;80503.6;150,985
20.09.2026 15:47:36;80509.2;1,589;0;0,057;80509.3;152,930
20.09.2026 15:47:14;80510.6;1,571;0;0,473;80510.7;154,462
20.09.2026 15:47:14;80509.8;0,002;0;0;80510.7;155,560
20.09.2026 15:47:01;80509.2;1,019;0;5,093;80509.3;155,562
20.09.2026 15:47:00;80512.0;0,213;0;0,012;80512.1;151,488
20.09.2026 15:46:44;80515.9;2,554;0;0,089;80516.0;151,689
20.09.2026 15:46:30;80518.8;0,719;0;0,940;80518.9;154,154
20.09.2026 15:46:28;80525.6;0,285;0;0,007;80525.7;153,933
20.09.2026 15:46:17;80529.0;1,170;0;0,221;80529.1;154,211
20.09.2026 15:46:09;80530.0;1,097;0;0,826;80530.1;155,160
20.09.2026 15:46:08;80530.8;0;0;0,001;80530.9;155,431
20.09.2026 15:45:39;80536.0;6,178;0;3,572;80536.1;155,430
20.09.2026 15:45:38;80537.9;0,679;0;0,577;80538.0;158,036
20.09.2026 15:45:31;80544.1;2,389;0;1,477;80544.2;158,138
20.09.2026 15:45:22;80549.8;1,013;0;2,617;80549.9;159,050
20.09.2026 15:45:22;80549.6;0,999;0;0;80549.9;157,446
20.09.2026 15:45:19;80548.4;0,043;0;0,174;80548.5;158,445
20.09.2026 15:45:16;80544.1;0,027;0;3,476;80544.2;158,314
20.09.2026 15:45:15;80541.3;0;0;1,338;80541.4;154,865
20.09.2026 15:45:15;80541.0;0,053;0;0;80541.4;153,527
20.09.2026 15:45:10;80535.2;0,410;0;1,804;80535.3;153,580
20.09.2026 15:45:09;80534.9;0,072;0;0,002;80535.3;152,186
20.09.2026 15:45:03;80533.4;0,123;0;0,771;80533.5;152,256
20.09.2026 15:45:03;80533.3;0,001;0;0,052;80533.5;151,608
20.09.2026 15:44:47;80533.3;0,128;0;5,594;80533.4;151,557
20.09.2026 15:44:47;80533.2;0,230;0;0;80533.4;146,091
20.09.2026 15:44:46;80515.8;0,134;0;25,116;80515.9;146,321
20.09.2026 15:44:39;80520.1;1,075;0;0,375;80520.2;121,339
20.09.2026 15:44:36;80515.7;1,499;0;6,267;80515.8;122,039
20.09.2026 15:44:35;80515.4;0,035;0;0,270;80515.8;117,271
20.09.2026 15:44:32;80505.6;0,186;0;13,178;80505.7;117,036
20.09.2026 15:44:03;80497.0;0,389;0;8,320;80497.1;104,044
20.09.2026 15:43:50;80505.6;3,076;0;1,796;80505.7;96,113
20.09.2026 15:43:49;80505.5;0,004;0;0,009;80505.7;97,393
20.09.2026 15:43:37;80497.9;0,553;0;13,929;80498.0;97,388
20.09.2026 15:43:32;80498.3;2,389;0;1,152;80498.4;84,012
20.09.2026 15:43:31;80501.9;0,455;0;0,040;80505.6;85,249
20.09.2026 15:43:27;80494.9;4,600;0;12,782;80495.0;85,664
20.09.2026 15:43:25;80489.2;0,012;0;1,744;80489.3;77,482
20.09.2026 15:43:25;80493.6;1,498;0;0,037;80493.7;75,750
20.09.2026 15:43:24;80495.9;0,492;0;0,029;80496.7;77,211
20.09.2026 15:43:21;80480.5;10,014;0;23,218;80480.6;77,674
20.09.2026 15:42:50;80465.6;0,876;0;26,231;80465.7;64,470
20.09.2026 15:42:49;80465.4;1,483;0;0;80465.7;39,115
20.09.2026 15:42:49;80458.6;0,001;0;0,015;80460.0;40,598
20.09.2026 15:42:31;80449.9;2,446;0;2,969;80450.0;40,584
20.09.2026 15:42:27;80437.1;0,619;0;1,691;80437.2;40,061
20.09.2026 15:42:27;80437.0;0,025;0;0;80437.2;38,989
20.09.2026 15:41:49;80432.6;1,204;0;16,351;80432.7;39,014
20.09.2026 15:41:19;80435.0;5,662;0;0,947;80435.1;23,867
20.09.2026 15:41:18;80438.0;0,122;0;0;80438.1;28,582
20.09.2026 15:41:16;80438.3;0,228;0;0,003;80438.4;28,704
20.09.2026 15:40:52;80438.4;1,544;0;0,524;80438.5;28,929
20.09.2026 15:40:48;80438.8;0,356;0;0,006;80438.9;29,949
20.09.2026 15:40:48;80439.7;0;0;0,002;80439.8;30,299
20.09.2026 15:40:46;80442.2;1,085;0;0,002;80442.3;30,297
20.09.2026 15:40:44;80445.0;1,411;0;0,121;80445.1;31,380
20.09.2026 15:40:37;80450.5;1,405;0;0,359;80450.6;32,670
20.09.2026 15:40:35;80451.3;0,881;0;0,018;80451.4;33,716
20.09.2026 15:40:32;80452.4;0,371;0;4,149;80452.5;34,579
20.09.2026 15:40:24;80454.3;0,610;0;0,262;80454.4;30,801
20.09.2026 15:40:05;80460.5;1,586;0;0,564;80460.6;31,149
20.09.2026 15:40:00;80465.6;0,705;0;0,522;80465.7;32,171
20.09.2026 15:39:59;80456.7;0;0;0,869;80456.9;32,354
20.09.2026 15:39:57;80450.0;0,112;0;22,019;80450.1;31,485
20.09.2026 15:39:55;80453.4;0,166;0;0,071;80453.5;9,578
20.09.2026 15:39:52;80447.3;1,002;0;22,537;80447.4;9,673
20.09.2026 15:39:49;80438.3;0,194;0;22,042;80438.4;-11,862
20.09.2026 15:39:48;80436.9;0;0;0,016;80438.4;-33,710
20.09.2026 15:39:45;80430.3;2,428;0;22,161;80430.4;-33,726
20.09.2026 15:39:44;80430.1;0;0;0,148;80430.4;-53,459
20.09.2026 15:39:30;80424.7;1,613;0;23,160;80424.8;-53,607
20.09.2026 15:39:29;80418.1;0,005;0;0,229;80421.8;-75,154
20.09.2026 15:38:51;80416.3;4,504;0;22,746;80416.4;-75,378
20.09.2026 15:38:50;80417.0;0;0;0,596;80417.1;-93,620
20.09.2026 15:38:49;80424.9;0,757;0;0,005;80425.0;-94,216
20.09.2026 15:38:39;80427.9;0,373;0;0,480;80428.0;-93,464
20.09.2026 15:38:08;80424.9;0,869;0;4,908;80425.0;-93,571
20.09.2026 15:37:48;80414.6;0,842;0;5,590;80414.7;-97,610
20.09.2026 15:37:45;80414.7;3,323;0;0,103;80414.8;-102,358
20.09.2026 15:37:13;80414.8;5,118;0;1,264;80414.9;-99,138
20.09.2026 15:37:12;80416.4;0,191;0;0,141;80416.5;-95,284
20.09.2026 15:37:06;80418.0;0,700;0;0,166;80418.1;-95,234
20.09.2026 15:37:03;80420.0;0,338;0;1,063;80420.1;-94,700
20.09.2026 15:36:02;80422.2;27,322;0;2,976;80422.3;-95,425
20.09.2026 15:35:51;80427.6;4,420;0;0,665;80427.7;-71,079
20.09.2026 15:35:42;80414.8;0,252;0;1,893;80414.9;-67,324
20.09.2026 15:35:40;80414.9;0,086;0;0,231;80415.0;-68,965
20.09.2026 15:35:31;80417.1;1,035;0;0,320;80417.2;-69,110
20.09.2026 15:35:30;80424.5;1,444;0;0,013;80424.6;-68,395
20.09.2026 15:35:30;80425.2;0,520;0;0;80425.3;-66,964
20.09.2026 15:35:29;80425.3;0;0;8,619;80425.4;-66,444
20.09.2026 15:35:29;80427.3;0,156;0;0,002;80427.4;-75,063
20.09.2026 15:35:26;80430.6;0,164;0;0,686;80430.7;-74,909
20.09.2026 15:35:18;80434.6;1,130;0;1,385;80434.7;-75,431
20.09.2026 15:35:16;80424.7;0,076;0;3,192;80424.8;-75,686
20.09.2026 15:35:15;80424.4;0,052;0;0;80424.8;-78,802
20.09.2026 15:35:09;80410.7;0,111;0;6,584;80410.8;-78,750
20.09.2026 15:35:08;80406.5;0,018;0;0,001;80410.8;-85,223
20.09.2026 15:35:05;80399.9;1,087;0;2,557;80400.0;-85,206
20.09.2026 15:35:03;80397.7;0,040;0;1,206;80397.8;-86,676
20.09.2026 15:35:02;80395.7;0,416;0;0,188;80395.8;-87,842
20.09.2026 15:35:01;80390.3;0,046;0;1,878;80390.5;-87,614
20.09.2026 15:34:54;80389.0;2,817;0;1,168;80389.1;-89,446
20.09.2026 15:34:52;80391.9;1,343;0;0,033;80392.0;-87,797
20.09.2026 15:34:49;80399.1;2,473;0;0,065;80399.2;-86,487
20.09.2026 15:34:42;80403.1;9,864;0;0,696;80403.2;-84,079
20.09.2026 15:34:37;80411.6;3,116;0;0,068;80411.7;-74,911
20.09.2026 15:34:14;80416.6;10,026;0;1,354;80416.7;-71,863
20.09.2026 15:34:06;80411.0;2,139;0;11,292;80411.1;-63,191
20.09.2026 15:34:04;80413.4;0,118;0;0,008;80413.5;-72,344
20.09.2026 15:34:04;80413.7;0,464;0;0,048;80413.8;-72,234
20.09.2026 15:34:02;80414.9;0,736;0;0,099;80415.0;-71,818
20.09.2026 15:34:02;80425.7;13,096;0;0,054;80425.8;-71,181
20.09.2026 15:34:00;80434.6;3,013;0;0,032;80434.7;-58,139
20.09.2026 15:33:30;80434.7;8,084;0;1,165;80434.8;-55,158
20.09.2026 15:33:28;80435.0;0,303;0;0,001;80435.1;-48,239
20.09.2026 15:33:28;80438.8;0,994;0;0,014;80438.9;-47,937
20.09.2026 15:33:18;80440.0;12,387;0;0,910;80440.1;-46,957
20.09.2026 15:33:18;80443.8;0,196;0;0,007;80443.9;-35,480
20.09.2026 15:33:17;80443.9;0,783;0;0,066;80444.0;-35,291
20.09.2026 15:33:17;80444.9;0,259;0;0,001;80445.0;-34,574
20.09.2026 15:33:14;80445.1;3,040;0;0;80445.2;-34,316
20.09.2026 15:33:12;80446.1;1,226;0;0;80446.2;-31,276
20.09.2026 15:33:07;80450.5;1,777;0;0,283;80450.6;-30,050
20.09.2026 15:33:03;80455.0;0,923;0;0,052;80455.1;-28,556
20.09.2026 15:32:28;80461.2;2,398;0;1,015;80461.3;-27,685
20.09.2026 15:32:23;80463.3;0,393;0;0,231;80463.4;-26,302
20.09.2026 15:31:29;80463.5;4,870;0;2,384;80463.6;-26,140
20.09.2026 15:31:26;80466.3;0,688;0;0,001;80466.4;-23,654
20.09.2026 15:31:00;80470.8;15,348;0;0,744;80470.9;-22,967
20.09.2026 15:30:56;80470.9;3,132;0;1,797;80471.0;-8,363
20.09.2026 15:30:55;80471.8;0,091;0;0,024;80471.9;-7,028
20.09.2026 15:30:21;80480.0;5,887;0;1,148;80480.1;-6,961
20.09.2026 15:30:19;80486.3;0,500;0;0,015;80486.4;-2,222
20.09.2026 15:30:15;80487.6;0,406;0;0,355;80487.7;-1,737
20.09.2026 15:30:13;80487.7;1,118;0;0,325;80487.8;-1,686
20.09.2026 15:30:12;80485.3;0,417;0;0,063;80487.8;-0,893
20.09.2026 15:30:06;80470.9;0,261;0;9,477;80471.0;-0,539
20.09.2026 15:29:58;80475.6;0,680;0;0,098;80475.7;-9,755
20.09.2026 15:29:31;80477.0;1,765;0;0,678;80477.1;-9,173
20.09.2026 15:29:28;80477.7;0,683;0;0,076;80477.8;-8,086
20.09.2026 15:29:18;80477.8;0,534;0;0,021;80477.9;-7,479
20.09.2026 15:29:11;80480.0;0,709;0;0,016;80480.1;-6,966
20.09.2026 15:29:10;80481.9;0,129;0;0,163;80482.0;-6,273
20.09.2026 15:29:06;80490.0;10,213;0;0,166;80490.1;-6,307
20.09.2026 15:29:06;80498.3;0,328;0;0,302;80498.4;3,740
20.09.2026 15:29:02;80499.4;0,360;0;0,011;80499.5;3,766
20.09.2026 15:29:02;80499.3;0;0;0,015;80499.5;4,115
20.09.2026 15:29:01;80492.6;1,002;0;1,594;80492.7;4,100
20.09.2026 15:29:01;80492.4;0,010;0;0;80492.7;3,508
20.09.2026 15:28:46;80490.0;1,823;0;5,341;80490.1;3,518
