2026-17-09 02:00:00;76180.0;76260.0;76150.0;76230.0
2026-17-09 02:05:00;76230.0;76300.0;76170.0;76300.0
2026-17-09 02:10:00;76300.0;76430.0;76280.0;76300.0
2026-17-09 02:15:00;76300.0;76460.0;76290.0;76430.0
2026-17-09 02:20:00;76430.0;76460.0;76370.0;76450.0
2026-17-09 02:25:00;76450.0;76480.0;76340.0;76380.0
2026-17-09 02:30:00;76380.0;76480.0;76350.0;76410.0
2026-17-09 02:35:00;76410.0;76480.0;76360.0;76450.0
2026-17-09 02:40:00;76450.0;76460.0;76390.0;76400.0
2026-17-09 02:45:00;76400.0;76430.0;76340.0;76380.0
2026-17-09 02:50:00;76380.0;76390.0;76340.0;76350.0
2026-17-09 02:55:00;76350.0;76370.0;76310.0;76310.0
2026-17-09 03:00:00;76310.0;76320.0;76190.0;76210.0
2026-17-09 03:05:00;76210.0;76340.0;76190.0;76240.0
2026-17-09 03:10:00;76240.0;76280.0;76200.0;76280.0
2026-17-09 03:15:00;76280.0;76370.0;76190.0;76330.0
2026-17-09 03:20:00;76330.0;76480.0;76330.0;76470.0
2026-17-09 03:25:00;76470.0;76640.0;76470.0;76600.0
2026-17-09 03:30:00;76600.0;76750.0;76560.0;76610.0
2026-17-09 03:35:00;76610.0;76740.0;76570.0;76570.0
2026-17-09 03:40:00;76570.0;76620.0;76480.0;76570.0
2026-17-09 03:45:00;76570.0;76570.0;76430.0;76520.0
2026-17-09 03:50:00;76520.0;76520.0;76360.0;76370.0
2026-17-09 03:55:00;76370.0;76370.0;76300.0;76340.0
2026-17-09 04:00:00;76340.0;76360.0;76290.0;76350.0
2026-17-09 04:05:00;76350.0;76360.0;76120.0;76120.0
2026-17-09 04:10:00;76120.0;76190.0;76080.0;76190.0
2026-17-09 04:15:00;76190.0;76190.0;76090.0;76090.0
2026-17-09 04:20:00;76100.0;76100.0;76020.0;76090.0
2026-17-09 04:25:00;76090.0;76180.0;76090.0;76150.0
2026-17-09 04:30:00;76150.0;76240.0;76120.0;76230.0
2026-17-09 04:35:00;76230.0;76410.0;76210.0;76370.0
2026-17-09 04:40:00;76370.0;76420.0;76340.0;76390.0
2026-17-09 04:45:00;76390.0;76420.0;76330.0;76410.0
2026-17-09 04:50:00;76410.0;76460.0;76300.0;76330.0
2026-17-09 04:55:00;76330.0;76380.0;76320.0;76350.0
2026-17-09 05:00:00;76350.0;76450.0;76340.0;76430.0
2026-17-09 05:05:00;76430.0;76480.0;76400.0;76410.0
2026-17-09 05:10:00;76410.0;76410.0;76380.0;76410.0
2026-17-09 05:15:00;76410.0;76440.0;76380.0;76400.0
2026-17-09 05:20:00;76400.0;76460.0;76400.0;76460.0
2026-17-09 05:25:00;76460.0;76500.0;76430.0;76470.0
2026-17-09 05:30:00;76470.0;76510.0;76410.0;76470.0
2026-17-09 05:35:00;76470.0;76500.0;76450.0;76480.0
2026-17-09 05:40:00;76480.0;76490.0;76420.0;76450.0
2026-17-09 05:45:00;76450.0;76480.0;76420.0;76440.0
2026-17-09 05:50:00;76440.0;76450.0;76380.0;76400.0
2026-17-09 05:55:00;76400.0;76420.0;76380.0;76410.0
2026-17-09 06:00:00;76410.0;76410.0;76340.0;76370.0
2026-17-09 06:05:00;76370.0;76370.0;76310.0;76310.0
2026-17-09 06:10:00;76310.0;76310.0;76270.0;76290.0
2026-17-09 06:15:00;76290.0;76300.0;76260.0;76260.0
2026-17-09 06:20:00;76260.0;76260.0;76160.0;76190.0
2026-17-09 06:25:00;76190.0;76220.0;76160.0;76180.0
2026-17-09 06:30:00;76180.0;76200.0;76150.0;76170.0
2026-17-09 06:35:00;76170.0;76330.0;76170.0;76310.0
2026-17-09 06:40:00;76310.0;76360.0;76290.0;76340.0
2026-17-09 06:45:00;76340.0;76460.0;76300.0;76450.0
2026-17-09 06:50:00;76450.0;76500.0;76400.0;76400.0
2026-17-09 06:55:00;76400.0;76560.0;76400.0;76510.0
2026-17-09 07:00:00;76510.0;76600.0;76450.0;76500.0
2026-17-09 07:05:00;76500.0;76500.0;76450.0;76480.0
2026-17-09 07:10:00;76480.0;76490.0;76420.0;76440.0
2026-17-09 07:15:00;76440.0;76440.0;76390.0;76420.0
2026-17-09 07:20:00;76420.0;76460.0;76400.0;76460.0
2026-17-09 07:25:00;76460.0;76520.0;76430.0;76460.0
2026-17-09 07:30:00;76460.0;76460.0;76360.0;76440.0
2026-17-09 07:35:00;76440.0;76450.0;76360.0;76360.0
2026-17-09 07:40:00;76360.0;76370.0;76310.0;76330.0
2026-17-09 07:45:00;76330.0;76370.0;76330.0;76340.0
2026-17-09 07:50:00;76340.0;76400.0;76340.0;76370.0
2026-17-09 07:55:00;76370.0;76380.0;76280.0;76300.0
2026-17-09 08:00:00;76300.0;76360.0;76270.0;76360.0
2026-17-09 08:05:00;76360.0;76450.0;76350.0;76440.0
2026-17-09 08:10:00;76440.0;76460.0;76420.0;76440.0
2026-17-09 08:15:00;76440.0;76440.0;76340.0;76380.0
2026-17-09 08:20:00;76380.0;76380.0;76310.0;76310.0
2026-17-09 08:25:00;76310.0;76420.0;76310.0;76420.0
2026-17-09 08:30:00;76420.0;76490.0;76420.0;76460.0
2026-17-09 08:35:00;76460.0;76550.0;76460.0;76520.0
2026-17-09 08:40:00;76520.0;76560.0;76500.0;76530.0
2026-17-09 08:45:00;76530.0;76590.0;76520.0;76520.0
2026-17-09 08:50:00;76520.0;76520.0;76470.0;76470.0
2026-17-09 08:55:00;76470.0;76470.0;76440.0;76450.0
2026-17-09 09:00:00;76450.0;76550.0;76450.0;76550.0
2026-17-09 09:05:00;76550.0;76660.0;76550.0;76600.0
2026-17-09 09:10:00;76600.0;76650.0;76490.0;76510.0
2026-17-09 09:15:00;76510.0;76610.0;76480.0;76530.0
2026-17-09 09:20:00;76530.0;76550.0;76500.0;76540.0
2026-17-09 09:25:00;76540.0;76550.0;76480.0;76490.0
2026-17-09 09:30:00;76490.0;76510.0;76460.0;76490.0
2026-17-09 09:35:00;76490.0;76490.0;76460.0;76460.0
2026-17-09 09:40:00;76460.0;76500.0;76460.0;76470.0
2026-17-09 09:45:00;76470.0;76500.0;76440.0;76470.0
2026-17-09 09:50:00;76470.0;76470.0;76420.0;76420.0
2026-17-09 09:55:00;76420.0;76440.0;76390.0;76440.0
2026-17-09 10:00:00;76440.0;76500.0;76430.0;76500.0
2026-17-09 10:05:00;76500.0;76500.0;76430.0;76430.0
2026-17-09 10:10:00;76430.0;76470.0;76380.0;76390.0
2026-17-09 10:15:00;76390.0;76460.0;76350.0;76450.0
2026-17-09 10:20:00;76450.0;76510.0;76440.0;76460.0
2026-17-09 10:25:00;76460.0;76500.0;76430.0;76430.0
2026-17-09 10:30:00;76430.0;76460.0;76380.0;76440.0
2026-17-09 10:35:00;76440.0;76520.0;76430.0;76510.0
2026-17-09 10:40:00;76510.0;76510.0;76420.0;76470.0
2026-17-09 10:45:00;76460.0;76470.0;76440.0;76450.0
2026-17-09 10:50:00;76450.0;76550.0;76450.0;76550.0
2026-17-09 10:55:00;76540.0;76570.0;76530.0;76550.0
2026-17-09 11:00:00;76550.0;76650.0;76550.0;76640.0
2026-17-09 11:05:00;76640.0;76680.0;76610.0;76630.0
2026-17-09 11:10:00;76630.0;76700.0;76630.0;76660.0
2026-17-09 11:15:00;76660.0;76730.0;76620.0;76640.0
2026-17-09 11:20:00;76640.0;76720.0;76640.0;76660.0
2026-17-09 11:25:00;76660.0;76720.0;76650.0;76650.0
2026-17-09 11:30:00;76650.0;76680.0;76610.0;76670.0
2026-17-09 11:35:00;76670.0;76750.0;76650.0;76670.0
2026-17-09 11:40:00;76670.0;76670.0;76570.0;76570.0
2026-17-09 11:45:00;76570.0;76620.0;76500.0;76540.0
2026-17-09 11:50:00;76540.0;76540.0;76470.0;76510.0
2026-17-09 11:55:00;76510.0;76510.0;76440.0;76440.0
2026-17-09 12:00:00;76440.0;76450.0;76290.0;76350.0
2026-17-09 12:05:00;76350.0;76400.0;76340.0;76360.0
2026-17-09 12:10:00;76360.0;76400.0;76350.0;76370.0
2026-17-09 12:15:00;76370.0;76370.0;76300.0;76310.0
2026-17-09 12:20:00;76310.0;76320.0;76290.0;76300.0
2026-17-09 12:25:00;76300.0;76340.0;76300.0;76320.0
2026-17-09 12:30:00;76320.0;76340.0;76290.0;76310.0
2026-17-09 12:35:00;76310.0;76390.0;76310.0;76360.0
2026-17-09 12:40:00;76360.0;76360.0;76290.0;76290.0
2026-17-09 12:45:00;76290.0;76300.0;76240.0;76270.0
2026-17-09 12:50:00;76270.0;76340.0;76270.0;76330.0
2026-17-09 12:55:00;76330.0;76380.0;76310.0;76380.0
2026-17-09 13:00:00;76380.0;76430.0;76360.0;76410.0
2026-17-09 13:05:00;76410.0;76410.0;76320.0;76340.0
2026-17-09 13:10:00;76340.0;76410.0;76340.0;76410.0
2026-17-09 13:15:00;76410.0;76430.0;76320.0;76350.0
2026-17-09 13:20:00;76350.0;76370.0;76340.0;76340.0
2026-17-09 13:25:00;76340.0;76380.0;76320.0;76370.0
2026-17-09 13:30:00;76370.0;76370.0;76270.0;76280.0
2026-17-09 13:35:00;76280.0;76280.0;76190.0;76190.0
2026-17-09 13:40:00;76190.0;76210.0;76140.0;76160.0
2026-17-09 13:45:00;76160.0;76220.0;76160.0;76190.0
2026-17-09 13:50:00;76190.0;76230.0;76170.0;76220.0
2026-17-09 13:55:00;76220.0;76460.0;76220.0;76450.0
2026-17-09 14:00:00;76450.0;76540.0;76370.0;76470.0
2026-17-09 14:05:00;76470.0;76540.0;76400.0;76530.0
2026-17-09 14:10:00;76530.0;76790.0;76510.0;76790.0
2026-17-09 14:15:00;76790.0;76940.0;76790.0;76940.0
2026-17-09 14:20:00;76940.0;76980.0;76860.0;76900.0
2026-17-09 14:25:00;76900.0;76980.0;76900.0;76980.0
2026-17-09 14:30:00;76980.0;77150.0;76850.0;77020.0
2026-17-09 14:35:00;77020.0;77030.0;76900.0;76910.0
2026-17-09 14:40:00;76910.0;76920.0;76820.0;76840.0
2026-17-09 14:45:00;76840.0;76890.0;76750.0;76760.0
2026-17-09 14:50:00;76760.0;76860.0;76750.0;76750.0
2026-17-09 14:55:00;76760.0;76800.0;76700.0;76700.0
2026-17-09 15:00:00;76700.0;76860.0;76680.0;76820.0
2026-17-09 15:05:00;76820.0;76820.0;76640.0;76650.0
2026-17-09 15:10:00;76650.0;76710.0;76600.0;76630.0
2026-17-09 15:15:00;76630.0;76720.0;76610.0;76650.0
2026-17-09 15:20:00;76650.0;76690.0;76570.0;76580.0
2026-17-09 15:25:00;76580.0;76590.0;76430.0;76450.0
2026-17-09 15:30:00;76450.0;76560.0;76280.0;76340.0
2026-17-09 15:35:00;76340.0;76360.0;75980.0;75990.0
2026-17-09 15:40:00;75990.0;76200.0;75990.0;76130.0
2026-17-09 15:45:00;76130.0;76420.0;76020.0;76330.0
2026-17-09 15:50:00;76330.0;76630.0;76330.0;76480.0
2026-17-09 15:55:00;76480.0;76680.0;76480.0;76680.0
2026-17-09 16:00:00;76680.0;76750.0;76370.0;76400.0
2026-17-09 16:05:00;76400.0;76670.0;76360.0;76640.0
2026-17-09 16:10:00;76640.0;76960.0;76620.0;76940.0
2026-17-09 16:15:00;76940.0;76940.0;76680.0;76730.0
2026-17-09 16:20:00;76730.0;76930.0;76720.0;76930.0
2026-17-09 16:25:00;76930.0;77100.0;76850.0;76930.0
2026-17-09 16:30:00;76930.0;77000.0;76770.0;76810.0
2026-17-09 16:35:00;76810.0;76870.0;76700.0;76730.0
2026-17-09 16:40:00;76730.0;76790.0;76580.0;76590.0
2026-17-09 16:45:00;76590.0;76710.0;76580.0;76670.0
2026-17-09 16:50:00;76670.0;76700.0;76580.0;76630.0
2026-17-09 16:55:00;76630.0;76630.0;76470.0;76470.0
2026-17-09 17:00:00;76470.0;76480.0;76280.0;76320.0
2026-17-09 17:05:00;76320.0;76400.0;76260.0;76360.0
2026-17-09 17:10:00;76360.0;76360.0;76240.0;76320.0
2026-17-09 17:15:00;76320.0;76430.0;76260.0;76360.0
2026-17-09 17:20:00;76360.0;76390.0;76310.0;76340.0
2026-17-09 17:25:00;76340.0;76440.0;76340.0;76440.0
2026-17-09 17:30:00;76440.0;76500.0;76420.0;76490.0
2026-17-09 17:35:00;76490.0;76680.0;76480.0;76680.0
2026-17-09 17:40:00;76680.0;76840.0;76660.0;76730.0
2026-17-09 17:45:00;76730.0;76740.0;76600.0;76610.0
2026-17-09 17:50:00;76610.0;76780.0;76570.0;76720.0
2026-17-09 17:55:00;76720.0;76760.0;76630.0;76760.0
2026-17-09 18:00:00;76760.0;76790.0;76710.0;76720.0
2026-17-09 18:05:00;76720.0;76760.0;76620.0;76720.0
2026-17-09 18:10:00;76720.0;76730.0;76660.0;76720.0
2026-17-09 18:15:00;76720.0;76760.0;76680.0;76690.0
2026-17-09 18:20:00;76690.0;76770.0;76650.0;76740.0
2026-17-09 18:25:00;76740.0;76740.0;76650.0;76690.0
2026-17-09 18:30:00;76690.0;76690.0;76490.0;76580.0
2026-17-09 18:35:00;76580.0;76630.0;76550.0;76610.0
2026-17-09 18:40:00;76610.0;76690.0;76560.0;76690.0
2026-17-09 18:45:00;76690.0;76730.0;76580.0;76600.0
2026-17-09 18:50:00;76600.0;76720.0;76600.0;76650.0
2026-17-09 18:55:00;76650.0;76740.0;76570.0;76740.0
2026-17-09 19:00:00;76740.0;76900.0;76720.0;76880.0
2026-17-09 19:05:00;76880.0;76900.0;76830.0;76860.0
2026-17-09 19:10:00;76860.0;76860.0;76790.0;76800.0
2026-17-09 19:15:00;76790.0;76840.0;76750.0;76830.0
2026-17-09 19:20:00;76830.0;76930.0;76830.0;76880.0
2026-17-09 19:25:00;76880.0;76900.0;76820.0;76900.0
2026-17-09 19:30:00;76900.0;76930.0;76820.0;76930.0
2026-17-09 19:35:00;76930.0;76950.0;76770.0;76770.0
2026-17-09 19:40:00;76770.0;76830.0;76690.0;76690.0
2026-17-09 19:45:00;76690.0;76690.0;76560.0;76620.0
2026-17-09 19:50:00;76620.0;76620.0;76560.0;76590.0
2026-17-09 19:55:00;76590.0;76680.0;76590.0;76650.0
2026-17-09 20:00:00;76650.0;76670.0;76640.0;76660.0
2026-17-09 20:05:00;76660.0;76670.0;76620.0;76630.0
2026-17-09 20:10:00;76630.0;76700.0;76630.0;76700.0
2026-17-09 20:15:00;76700.0;76750.0;76700.0;76750.0
2026-17-09 20:20:00;76750.0;76760.0;76710.0;76710.0
2026-17-09 20:25:00;76710.0;76750.0;76710.0;76720.0
2026-17-09 20:30:00;76720.0;76730.0;76560.0;76580.0
2026-17-09 20:35:00;76580.0;76610.0;76440.0;76440.0
2026-17-09 20:40:00;76440.0;76600.0;76430.0;76590.0
2026-17-09 20:45:00;76590.0;76670.0;76580.0;76630.0
2026-17-09 20:50:00;76630.0;76630.0;76570.0;76600.0
2026-17-09 20:55:00;76600.0;76600.0;76540.0;76540.0
2026-17-09 21:00:00;76540.0;76600.0;76530.0;76560.0
2026-17-09 21:05:00;76560.0;76600.0;76530.0;76540.0
2026-17-09 21:10:00;76540.0;76550.0;76530.0;76530.0
2026-17-09 21:15:00;76530.0;76530.0;76470.0;76530.0
2026-17-09 21:20:00;76530.0;76600.0;76530.0;76560.0
2026-17-09 21:25:00;76560.0;76570.0;76520.0;76560.0
2026-17-09 21:30:00;76560.0;76610.0;76520.0;76580.0
2026-17-09 21:35:00;76580.0;76580.0;76510.0;76510.0
2026-17-09 21:40:00;76510.0;76590.0;76510.0;76580.0
2026-17-09 21:45:00;76580.0;76580.0;76470.0;76530.0
2026-17-09 21:50:00;76530.0;76650.0;76530.0;76580.0
2026-17-09 21:55:00;76580.0;76590.0;76490.0;76570.0
2026-17-09 22:00:00;76570.0;76590.0;76510.0;76580.0
2026-17-09 22:05:00;76580.0;76630.0;76580.0;76590.0
2026-17-09 22:10:00;76590.0;76630.0;76590.0;76610.0
2026-17-09 22:15:00;76610.0;76610.0;76570.0;76600.0
2026-17-09 22:20:00;76600.0;76700.0;76600.0;76690.0
2026-17-09 22:25:00;76690.0;76720.0;76670.0;76680.0
2026-17-09 22:30:00;76680.0;76680.0;76610.0;76610.0
2026-17-09 22:35:00;76610.0;76650.0;76580.0;76580.0
2026-17-09 22:40:00;76580.0;76590.0;76480.0;76510.0
2026-17-09 22:45:00;76510.0;76530.0;76500.0;76500.0
2026-17-09 22:50:00;76500.0;76510.0;76460.0;76510.0
2026-17-09 22:55:00;76510.0;76540.0;76500.0;76540.0
2026-17-09 23:00:00;76540.0;76590.0;76490.0;76490.0
2026-17-09 23:05:00;76490.0;76490.0;76480.0;76480.0
2026-17-09 23:10:00;76480.0;76500.0;76460.0;76480.0
2026-17-09 23:15:00;76480.0;76490.0;76480.0;76490.0
2026-17-09 23:20:00;76490.0;76500.0;76490.0;76500.0
2026-17-09 23:25:00;76500.0;76550.0;76500.0;76530.0
2026-17-09 23:30:00;76530.0;76540.0;76510.0;76530.0
2026-17-09 23:35:00;76530.0;76560.0;76530.0;76550.0
2026-17-09 23:40:00;76550.0;76550.0;76490.0;76490.0
2026-17-09 23:45:00;76490.0;76490.0;76450.0;76450.0
2026-17-09 23:50:00;76450.0;76450.0;76390.0;76430.0
2026-17-09 23:55:00;76430.0;76430.0;76360.0;76380.0
2026-18-09 00:00:00;76380.0;76420.0;76340.0;76360.0
2026-18-09 00:05:00;76360.0;76430.0;76290.0;76330.0
2026-18-09 00:10:00;76330.0;76380.0;76310.0;76330.0
2026-18-09 00:15:00;76330.0;76340.0;76210.0;76250.0
2026-18-09 00:20:00;76250.0;76280.0;76220.0;76230.0
2026-18-09 00:25:00;76230.0;76260.0;76220.0;76240.0
2026-18-09 00:30:00;76240.0;76280.0;76230.0;76280.0
2026-18-09 00:35:00;76280.0;76400.0;76280.0;76400.0
2026-18-09 00:40:00;76400.0;76420.0;76380.0;76390.0
2026-18-09 00:45:00;76390.0;76400.0;76360.0;76390.0
2026-18-09 00:50:00;76390.0;76390.0;76310.0;76320.0
2026-18-09 00:55:00;76320.0;76390.0;76290.0;76390.0
2026-18-09 01:00:00;76390.0;76470.0;76350.0;76430.0
2026-18-09 01:05:00;76430.0;76480.0;76430.0;76440.0
2026-18-09 01:10:00;76440.0;76480.0;76420.0;76460.0
2026-18-09 01:15:00;76460.0;76470.0;76440.0;76460.0
2026-18-09 01:20:00;76460.0;76470.0;76450.0;76470.0
2026-18-09 01:25:00;76470.0;76470.0;76460.0;76460.0
2026-18-09 01:30:00;76460.0;76460.0;76370.0;76380.0
2026-18-09 01:35:00;76380.0;76410.0;76360.0;76400.0
2026-18-09 01:40:00;76400.0;76420.0;76380.0;76400.0
2026-18-09 01:45:00;76400.0;76470.0;76390.0;76410.0
2026-18-09 01:50:00;76410.0;76430.0;76370.0;76430.0
2026-18-09 01:55:00;76430.0;76460.0;76390.0;76390.0
2026-18-09 02:00:00;76390.0;76420.0;76360.0;76400.0
2026-18-09 02:05:00;76400.0;76420.0;76350.0;76420.0
2026-18-09 02:10:00;76420.0;76450.0;76350.0;76440.0
2026-18-09 02:15:00;76440.0;76440.0;76320.0;76320.0
2026-18-09 02:20:00;76320.0;76340.0;76270.0;76330.0
2026-18-09 02:25:00;76330.0;76350.0;76260.0;76350.0
2026-18-09 02:30:00;76350.0;76420.0;76340.0;76420.0
2026-18-09 02:35:00;76420.0;76420.0;76340.0;76340.0
2026-18-09 02:40:00;76340.0;76400.0;76310.0;76400.0
2026-18-09 02:45:00;76400.0;76410.0;76370.0;76400.0
2026-18-09 02:50:00;76400.0;76530.0;76400.0;76530.0
2026-18-09 02:55:00;76530.0;76560.0;76510.0;76560.0
2026-18-09 03:00:00;76560.0;76650.0;76530.0;76540.0
2026-18-09 03:05:00;76540.0;76630.0;76540.0;76620.0
2026-18-09 03:10:00;76620.0;76650.0;76520.0;76530.0
2026-18-09 03:15:00;76530.0;76560.0;76490.0;76560.0
2026-18-09 03:20:00;76560.0;76620.0;76560.0;76570.0
2026-18-09 03:25:00;76570.0;76570.0;76540.0;76570.0
2026-18-09 03:30:00;76570.0;76600.0;76550.0;76560.0
2026-18-09 03:35:00;76560.0;76620.0;76550.0;76600.0
2026-18-09 03:40:00;76600.0;76700.0;76600.0;76660.0
2026-18-09 03:45:00;76660.0;76720.0;76660.0;76720.0
2026-18-09 03:50:00;76720.0;76740.0;76660.0;76700.0
2026-18-09 03:55:00;76700.0;76740.0;76670.0;76710.0
2026-18-09 04:00:00;76710.0;76790.0;76680.0;76680.0
2026-18-09 04:05:00;76680.0;76680.0;76640.0;76640.0
2026-18-09 04:10:00;76640.0;76750.0;76610.0;76730.0
2026-18-09 04:15:00;76730.0;76780.0;76710.0;76710.0
2026-18-09 04:20:00;76710.0;76820.0;76710.0;76810.0
2026-18-09 04:25:00;76810.0;76900.0;76800.0;76900.0
2026-18-09 04:30:00;76900.0;77000.0;76900.0;77000.0
2026-18-09 04:35:00;77000.0;77010.0;76970.0;76970.0
2026-18-09 04:40:00;76970.0;76980.0;76910.0;76910.0
2026-18-09 04:45:00;76910.0;76920.0;76880.0;76920.0
2026-18-09 04:50:00;76920.0;77010.0;76900.0;77010.0
2026-18-09 04:55:00;77010.0;77010.0;76950.0;76950.0
2026-18-09 05:00:00;76950.0;76990.0;76950.0;76990.0
2026-18-09 05:05:00;76990.0;77060.0;76990.0;77020.0
2026-18-09 05:10:00;77020.0;77300.0;77020.0;77300.0
2026-18-09 05:15:00;77300.0;77580.0;77270.0;77400.0
2026-18-09 05:20:00;77400.0;77420.0;77260.0;77300.0
2026-18-09 05:25:00;77300.0;77470.0;77260.0;77400.0
2026-18-09 05:30:00;77400.0;77470.0;77360.0;77380.0
2026-18-09 05:35:00;77380.0;77390.0;77300.0;77300.0
2026-18-09 05:40:00;77300.0;77360.0;77290.0;77310.0
2026-18-09 05:45:00;77310.0;77410.0;77310.0;77380.0
2026-18-09 05:50:00;77380.0;77440.0;77350.0;77380.0
2026-18-09 05:55:00;77380.0;77390.0;77330.0;77350.0
2026-18-09 06:00:00;77350.0;77390.0;77300.0;77310.0
2026-18-09 06:05:00;77310.0;77310.0;77210.0;77210.0
2026-18-09 06:10:00;77210.0;77310.0;77210.0;77270.0
2026-18-09 06:15:00;77270.0;77350.0;77220.0;77320.0
2026-18-09 06:20:00;77320.0;77350.0;77240.0;77240.0
2026-18-09 06:25:00;77240.0;77300.0;77230.0;77250.0
2026-18-09 06:30:00;77250.0;77290.0;77190.0;77220.0
2026-18-09 06:35:00;77220.0;77310.0;77220.0;77290.0
2026-18-09 06:40:00;77290.0;77420.0;77240.0;77420.0
2026-18-09 06:45:00;77420.0;77440.0;77310.0;77320.0
2026-18-09 06:50:00;77320.0;77420.0;77310.0;77410.0
2026-18-09 06:55:00;77410.0;77550.0;77410.0;77550.0
2026-18-09 07:00:00;77550.0;77640.0;77440.0;77440.0
2026-18-09 07:05:00;77440.0;77580.0;77420.0;77460.0
2026-18-09 07:10:00;77460.0;77600.0;77450.0;77500.0
2026-18-09 07:15:00;77500.0;77560.0;77470.0;77510.0
2026-18-09 07:20:00;77510.0;77520.0;77430.0;77480.0
2026-18-09 07:25:00;77480.0;77590.0;77410.0;77570.0
2026-18-09 07:30:00;77570.0;77680.0;77540.0;77640.0
2026-18-09 07:35:00;77640.0;77690.0;77490.0;77610.0
2026-18-09 07:40:00;77610.0;77610.0;77550.0;77560.0
2026-18-09 07:45:00;77560.0;77570.0;77460.0;77480.0
2026-18-09 07:50:00;77480.0;77500.0;77440.0;77440.0
2026-18-09 07:55:00;77440.0;77480.0;77430.0;77460.0
2026-18-09 08:00:00;77460.0;77570.0;77460.0;77540.0
2026-18-09 08:05:00;77540.0;77580.0;77480.0;77480.0
2026-18-09 08:10:00;77480.0;77530.0;77450.0;77470.0
2026-18-09 08:15:00;77470.0;77550.0;77460.0;77510.0
2026-18-09 08:20:00;77510.0;77620.0;77470.0;77600.0
2026-18-09 08:25:00;77600.0;77640.0;77500.0;77500.0
2026-18-09 08:30:00;77500.0;77510.0;77460.0;77460.0
2026-18-09 08:35:00;77460.0;77550.0;77460.0;77540.0
2026-18-09 08:40:00;77540.0;77540.0;77480.0;77490.0
2026-18-09 08:45:00;77500.0;77500.0;77440.0;77480.0
2026-18-09 08:50:00;77480.0;77480.0;77420.0;77420.0
2026-18-09 08:55:00;77420.0;77580.0;77370.0;77570.0
2026-18-09 09:00:00;77570.0;77660.0;77530.0;77640.0
2026-18-09 09:05:00;77640.0;77760.0;77550.0;77600.0
2026-18-09 09:10:00;77600.0;77670.0;77580.0;77590.0
2026-18-09 09:15:00;77590.0;77720.0;77580.0;77710.0
2026-18-09 09:20:00;77710.0;77810.0;77700.0;77730.0
2026-18-09 09:25:00;77730.0;77820.0;77710.0;77770.0
2026-18-09 09:30:00;77770.0;77820.0;77740.0;77800.0
2026-18-09 09:35:00;77800.0;77800.0;77750.0;77750.0
2026-18-09 09:40:00;77750.0;77820.0;77700.0;77800.0
2026-18-09 09:45:00;77800.0;77800.0;77710.0;77730.0
2026-18-09 09:50:00;77730.0;77800.0;77730.0;77760.0
2026-18-09 09:55:00;77760.0;77790.0;77710.0;77780.0
2026-18-09 10:00:00;77780.0;77970.0;77770.0;77880.0
2026-18-09 10:05:00;77880.0;77880.0;77650.0;77660.0
2026-18-09 10:10:00;77660.0;77810.0;77630.0;77740.0
2026-18-09 10:15:00;77740.0;77880.0;77730.0;77840.0
2026-18-09 10:20:00;77840.0;78040.0;77830.0;78020.0
2026-18-09 10:25:00;78020.0;78030.0;77910.0;77920.0
2026-18-09 10:30:00;77920.0;78000.0;77890.0;77990.0
2026-18-09 10:35:00;77990.0;78000.0;77890.0;77890.0
2026-18-09 10:40:00;77890.0;77960.0;77860.0;77940.0
2026-18-09 10:45:00;77940.0;77980.0;77930.0;77960.0
2026-18-09 10:50:00;77960.0;78040.0;77940.0;78040.0
2026-18-09 10:55:00;78040.0;78250.0;78040.0;78230.0
2026-18-09 11:00:00;78230.0;78390.0;78190.0;78270.0
2026-18-09 11:05:00;78270.0;78450.0;78240.0;78390.0
2026-18-09 11:10:00;78390.0;78400.0;78270.0;78340.0
2026-18-09 11:15:00;78340.0;78350.0;78260.0;78300.0
2026-18-09 11:20:00;78300.0;78360.0;78270.0;78270.0
2026-18-09 11:25:00;78270.0;78280.0;78120.0;78130.0
2026-18-09 11:30:00;78130.0;78130.0;78050.0;78070.0
2026-18-09 11:35:00;78070.0;78070.0;77970.0;77980.0
2026-18-09 11:40:00;77980.0;78030.0;77980.0;78020.0
2026-18-09 11:45:00;78020.0;78170.0;78020.0;78070.0
2026-18-09 11:50:00;78070.0;78140.0;78070.0;78100.0
2026-18-09 11:55:00;78100.0;78180.0;78100.0;78170.0
2026-18-09 12:00:00;78170.0;78190.0;78120.0;78140.0
2026-18-09 12:05:00;78140.0;78190.0;78110.0;78120.0
2026-18-09 12:10:00;78120.0;78170.0;78050.0;78160.0
2026-18-09 12:15:00;78160.0;78180.0;78130.0;78180.0
2026-18-09 12:20:00;78180.0;78220.0;78140.0;78150.0
2026-18-09 12:25:00;78150.0;78250.0;78130.0;78250.0
2026-18-09 12:30:00;78250.0;78280.0;78220.0;78240.0
2026-18-09 12:35:00;78240.0;78250.0;78210.0;78220.0
2026-18-09 12:40:00;78220.0;78250.0;78150.0;78200.0
2026-18-09 12:45:00;78200.0;78320.0;78170.0;78320.0
2026-18-09 12:50:00;78320.0;78330.0;78240.0;78280.0
2026-18-09 12:55:00;78280.0;78300.0;78230.0;78250.0
2026-18-09 13:00:00;78250.0;78340.0;78230.0;78340.0
2026-18-09 13:05:00;78340.0;78400.0;78010.0;78160.0
2026-18-09 13:10:00;78160.0;78180.0;78010.0;78080.0
2026-18-09 13:15:00;78080.0;78140.0;78040.0;78090.0
2026-18-09 13:20:00;78090.0;78100.0;78030.0;78040.0
2026-18-09 13:25:00;78040.0;78070.0;78010.0;78010.0
2026-18-09 13:30:00;78010.0;78130.0;78010.0;78080.0
2026-18-09 13:35:00;78080.0;78140.0;78080.0;78090.0
2026-18-09 13:40:00;78090.0;78090.0;77990.0;78000.0
2026-18-09 13:45:00;78000.0;78050.0;78000.0;78020.0
2026-18-09 13:50:00;78020.0;78080.0;78000.0;78080.0
2026-18-09 13:55:00;78080.0;78080.0;78010.0;78040.0
2026-18-09 14:00:00;78040.0;78100.0;77970.0;78090.0
2026-18-09 14:05:00;78090.0;78090.0;77960.0;77990.0
2026-18-09 14:10:00;77990.0;78090.0;77960.0;78060.0
2026-18-09 14:15:00;78060.0;78080.0;77980.0;77980.0
2026-18-09 14:20:00;77980.0;78060.0;77940.0;77970.0
2026-18-09 14:25:00;77970.0;78020.0;77950.0;77990.0
2026-18-09 14:30:00;77990.0;78060.0;77950.0;78060.0
2026-18-09 14:35:00;78060.0;78140.0;78050.0;78140.0
2026-18-09 14:40:00;78140.0;78160.0;78070.0;78080.0
2026-18-09 14:45:00;78080.0;78110.0;78050.0;78050.0
2026-18-09 14:50:00;78050.0;78080.0;77990.0;78020.0
2026-18-09 14:55:00;78020.0;78030.0;78000.0;78010.0
2026-18-09 15:00:00;78010.0;78040.0;77930.0;78010.0
2026-18-09 15:05:00;78010.0;78060.0;77980.0;78000.0
2026-18-09 15:10:00;78000.0;78020.0;77970.0;78000.0
2026-18-09 15:15:00;78000.0;78070.0;78000.0;78070.0
2026-18-09 15:20:00;78070.0;78120.0;78040.0;78050.0
2026-18-09 15:25:00;78050.0;78150.0;78030.0;78150.0
2026-18-09 15:30:00;78150.0;78380.0;78110.0;78360.0
2026-18-09 15:35:00;78360.0;78950.0;78310.0;78930.0
2026-18-09 15:40:00;78930.0;79300.0;78830.0;79280.0
2026-18-09 15:45:00;79270.0;79990.0;79200.0;79980.0
2026-18-09 15:50:00;79980.0;80440.0;79910.0;80110.0
2026-18-09 15:55:00;80030.0;80120.0;79870.0;80050.0
2026-18-09 16:00:00;80050.0;80350.0;80050.0;80340.0
2026-18-09 16:05:00;80340.0;80590.0;80070.0;80190.0
2026-18-09 16:10:00;80190.0;80300.0;80090.0;80280.0
2026-18-09 16:15:00;80280.0;80670.0;80280.0;80620.0
2026-18-09 16:20:00;80620.0;80950.0;80580.0;80930.0
2026-18-09 16:25:00;80930.0;80930.0;80520.0;80670.0
2026-18-09 16:30:00;80670.0;80710.0;80460.0;80620.0
2026-18-09 16:35:00;80620.0;80780.0;80510.0;80600.0
2026-18-09 16:40:00;80600.0;80770.0;80560.0;80750.0
2026-18-09 16:45:00;80750.0;80930.0;80680.0;80830.0
2026-18-09 16:50:00;80830.0;80940.0;80790.0;80880.0
2026-18-09 16:55:00;80880.0;80910.0;80780.0;80910.0
2026-18-09 17:00:00;80910.0;81040.0;80670.0;80690.0
2026-18-09 17:05:00;80690.0;80860.0;80560.0;80560.0
2026-18-09 17:10:00;80560.0;80750.0;80540.0;80740.0
2026-18-09 17:15:00;80740.0;81070.0;80730.0;80870.0
2026-18-09 17:20:00;80870.0;81080.0;80810.0;81070.0
2026-18-09 17:25:00;81070.0;81160.0;80850.0;80930.0
2026-18-09 17:30:00;80930.0;80940.0;80680.0;80790.0
2026-18-09 17:35:00;80790.0;80830.0;80710.0;80730.0
2026-18-09 17:40:00;80730.0;80740.0;80620.0;80620.0
2026-18-09 17:45:00;80620.0;80710.0;80470.0;80650.0
2026-18-09 17:50:00;80650.0;80790.0;80650.0;80680.0
2026-18-09 17:55:00;80680.0;80740.0;80580.0;80690.0
2026-18-09 18:00:00;80690.0;80800.0;80640.0;80800.0
2026-18-09 18:05:00;80800.0;80870.0;80700.0;80780.0
2026-18-09 18:10:00;80780.0;80940.0;80730.0;80940.0
2026-18-09 18:15:00;80940.0;81030.0;80860.0;80930.0
2026-18-09 18:20:00;80930.0;81040.0;80870.0;80960.0
2026-18-09 18:25:00;80960.0;81020.0;80820.0;81020.0
2026-18-09 18:30:00;81020.0;81250.0;80980.0;81160.0
2026-18-09 18:35:00;81160.0;81160.0;80920.0;80970.0
2026-18-09 18:40:00;80970.0;80970.0;80860.0;80970.0
2026-18-09 18:45:00;80970.0;80970.0;80800.0;80820.0
2026-18-09 18:50:00;80820.0;80910.0;80730.0;80910.0
2026-18-09 18:55:00;80910.0;80920.0;80810.0;80810.0
2026-18-09 19:00:00;80810.0;80860.0;80730.0;80840.0
2026-18-09 19:05:00;80840.0;80870.0;80760.0;80760.0
2026-18-09 19:10:00;80760.0;80870.0;80730.0;80870.0
2026-18-09 19:15:00;80870.0;80910.0;80750.0;80790.0
2026-18-09 19:20:00;80790.0;80800.0;80610.0;80730.0
2026-18-09 19:25:00;80730.0;80780.0;80680.0;80720.0
2026-18-09 19:30:00;80720.0;80720.0;80540.0;80560.0
2026-18-09 19:35:00;80560.0;80700.0;80560.0;80650.0
2026-18-09 19:40:00;80650.0;80750.0;80640.0;80740.0
2026-18-09 19:45:00;80740.0;80850.0;80730.0;80820.0
2026-18-09 19:50:00;80820.0;80900.0;80810.0;80830.0
2026-18-09 19:55:00;80830.0;80990.0;80830.0;80980.0
2026-18-09 20:00:00;80980.0;80980.0;80840.0;80880.0
2026-18-09 20:05:00;80880.0;80960.0;80860.0;80900.0
2026-18-09 20:10:00;80900.0;80920.0;80760.0;80830.0
2026-18-09 20:15:00;80830.0;80880.0;80790.0;80880.0
2026-18-09 20:20:00;80880.0;80900.0;80800.0;80800.0
2026-18-09 20:25:00;80800.0;80970.0;80760.0;80960.0
2026-18-09 20:30:00;80960.0;81030.0;80880.0;81010.0
2026-18-09 20:35:00;81010.0;81120.0;80950.0;81090.0
2026-18-09 20:40:00;81090.0;81090.0;80880.0;80910.0
2026-18-09 20:45:00;80910.0;81010.0;80900.0;81010.0
2026-18-09 20:50:00;81010.0;81050.0;80940.0;80970.0
2026-18-09 20:55:00;80970.0;80970.0;80840.0;80910.0
2026-18-09 21:00:00;80910.0;80990.0;80870.0;80940.0
2026-18-09 21:05:00;80940.0;81070.0;80920.0;81060.0
2026-18-09 21:10:00;81060.0;81180.0;81050.0;81160.0
2026-18-09 21:15:00;81160.0;81390.0;81100.0;81190.0
2026-18-09 21:20:00;81190.0;81200.0;81080.0;81110.0
2026-18-09 21:25:00;81110.0;81270.0;81110.0;81230.0
2026-18-09 21:30:00;81230.0;81230.0;81090.0;81090.0
2026-18-09 21:35:00;81090.0;81120.0;81020.0;81040.0
2026-18-09 21:40:00;81040.0;81220.0;81030.0;81220.0
2026-18-09 21:45:00;81220.0;81310.0;81130.0;81270.0
2026-18-09 21:50:00;81270.0;81310.0;81090.0;81100.0
2026-18-09 21:55:00;81100.0;81220.0;81100.0;81170.0
2026-18-09 22:00:00;81170.0;81180.0;81040.0;81160.0
2026-18-09 22:05:00;81160.0;81200.0;80920.0;80950.0
2026-18-09 22:10:00;80950.0;81090.0;80940.0;81040.0
2026-18-09 22:15:00;81040.0;81200.0;81020.0;81180.0
2026-18-09 22:20:00;81180.0;81180.0;81040.0;81050.0
2026-18-09 22:25:00;81050.0;81060.0;80900.0;80990.0
2026-18-09 22:30:00;80990.0;81040.0;80970.0;80990.0
2026-18-09 22:35:00;80990.0;81010.0;80920.0;80970.0
2026-18-09 22:40:00;80970.0;81150.0;80940.0;81140.0
2026-18-09 22:45:00;81140.0;81160.0;81050.0;81070.0
2026-18-09 22:50:00;81070.0;81140.0;81060.0;81060.0
2026-18-09 22:55:00;81060.0;81090.0;81050.0;81090.0
2026-18-09 23:00:00;81090.0;81170.0;81070.0;81170.0
2026-18-09 23:05:00;81170.0;81220.0;81120.0;81130.0
2026-18-09 23:10:00;81130.0;81260.0;81130.0;81250.0
2026-18-09 23:15:00;81250.0;81260.0;81050.0;81090.0
2026-18-09 23:20:00;81090.0;81170.0;81090.0;81160.0
2026-18-09 23:25:00;81160.0;81220.0;81140.0;81160.0
2026-18-09 23:30:00;81160.0;81180.0;81110.0;81130.0
2026-18-09 23:35:00;81130.0;81240.0;81130.0;81220.0
2026-18-09 23:40:00;81220.0;81290.0;81180.0;81190.0
2026-18-09 23:45:00;81190.0;81200.0;81120.0;81200.0
2026-18-09 23:50:00;81200.0;81230.0;81160.0;81200.0
2026-18-09 23:55:00;81200.0;81220.0;81190.0;81210.0
2026-19-09 00:00:00;81210.0;81250.0;81170.0;81210.0
2026-19-09 00:05:00;81210.0;81330.0;81210.0;81320.0
2026-19-09 00:10:00;81320.0;81350.0;81190.0;81220.0
2026-19-09 00:15:00;81220.0;81300.0;81220.0;81300.0
2026-19-09 00:20:00;81300.0;81320.0;81220.0;81230.0
2026-19-09 00:25:00;81230.0;81230.0;81210.0;81230.0
2026-19-09 00:30:00;81230.0;81230.0;81130.0;81130.0
2026-19-09 00:35:00;81130.0;81150.0;81040.0;81150.0
2026-19-09 00:40:00;81150.0;81160.0;81090.0;81090.0
2026-19-09 00:45:00;81090.0;81090.0;81060.0;81090.0
2026-19-09 00:50:00;81090.0;81100.0;81060.0;81090.0
2026-19-09 00:55:00;81100.0;81140.0;81070.0;81110.0
2026-19-09 01:00:00;81110.0;81170.0;81110.0;81120.0
2026-19-09 01:05:00;81120.0;81140.0;81060.0;81100.0
2026-19-09 01:10:00;81100.0;81140.0;81060.0;81140.0
2026-19-09 01:15:00;81140.0;81160.0;81100.0;81100.0
2026-19-09 01:20:00;81100.0;81100.0;81020.0;81020.0
2026-19-09 01:25:00;81020.0;81020.0;80960.0;80960.0
2026-19-09 01:30:00;80960.0;80990.0;80910.0;80990.0
2026-19-09 01:35:00;80990.0;80990.0;80860.0;80860.0
2026-19-09 01:40:00;80860.0;80890.0;80820.0;80870.0
2026-19-09 01:45:00;80870.0;80880.0;80850.0;80880.0
2026-19-09 01:50:00;80880.0;80940.0;80870.0;80880.0
2026-19-09 01:55:00;80880.0;80950.0;80840.0;80870.0
2026-19-09 02:00:00;80870.0;80920.0;80810.0;80840.0
2026-19-09 02:05:00;80840.0;80920.0;80810.0;80840.0
2026-19-09 02:10:00;80840.0;80950.0;80830.0;80950.0
2026-19-09 02:15:00;80950.0;81050.0;80930.0;81040.0
2026-19-09 02:20:00;81040.0;81080.0;80990.0;81040.0
2026-19-09 02:25:00;81040.0;81080.0;81040.0;81080.0
2026-19-09 02:30:00;81080.0;81250.0;81070.0;81230.0
2026-19-09 02:35:00;81230.0;81250.0;81210.0;81250.0
2026-19-09 02:40:00;81250.0;81310.0;81230.0;81290.0
2026-19-09 02:45:00;81290.0;81330.0;81240.0;81270.0
2026-19-09 02:50:00;81270.0;81490.0;81240.0;81390.0
2026-19-09 02:55:00;81390.0;81650.0;81390.0;81650.0
2026-19-09 03:00:00;81650.0;81740.0;81460.0;81470.0
2026-19-09 03:05:00;81470.0;81500.0;81350.0;81380.0
2026-19-09 03:10:00;81380.0;81390.0;81240.0;81260.0
2026-19-09 03:15:00;81260.0;81290.0;81140.0;81140.0
2026-19-09 03:20:00;81140.0;81280.0;81070.0;81280.0
2026-19-09 03:25:00;81280.0;81300.0;81220.0;81220.0
2026-19-09 03:30:00;81230.0;81240.0;81070.0;81070.0
2026-19-09 03:35:00;81070.0;81130.0;81020.0;81110.0
2026-19-09 03:40:00;81110.0;81150.0;81090.0;81140.0
2026-19-09 03:45:00;81140.0;81300.0;81140.0;81300.0
2026-19-09 03:50:00;81300.0;81420.0;81290.0;81300.0
2026-19-09 03:55:00;81300.0;81300.0;81230.0;81260.0
2026-19-09 04:00:00;81260.0;81290.0;81230.0;81240.0
2026-19-09 04:05:00;81240.0;81330.0;81230.0;81330.0
2026-19-09 04:10:00;81330.0;81400.0;81330.0;81350.0
2026-19-09 04:15:00;81350.0;81350.0;81290.0;81320.0
2026-19-09 04:20:00;81320.0;81420.0;81310.0;81400.0
2026-19-09 04:25:00;81400.0;81400.0;81310.0;81310.0
2026-19-09 04:30:00;81310.0;81380.0;81290.0;81330.0
2026-19-09 04:35:00;81330.0;81410.0;81290.0;81310.0
2026-19-09 04:40:00;81300.0;81320.0;81250.0;81280.0
2026-19-09 04:45:00;81280.0;81290.0;81250.0;81280.0
2026-19-09 04:50:00;81280.0;81280.0;81250.0;81260.0
2026-19-09 04:55:00;81260.0;81280.0;81230.0;81270.0
2026-19-09 05:00:00;81270.0;81380.0;81250.0;81370.0
2026-19-09 05:05:00;81370.0;81370.0;81280.0;81290.0
2026-19-09 05:10:00;81290.0;81290.0;81250.0;81250.0
2026-19-09 05:15:00;81250.0;81250.0;81160.0;81160.0
2026-19-09 05:20:00;81160.0;81210.0;81140.0;81160.0
2026-19-09 05:25:00;81160.0;81160.0;81100.0;81100.0
2026-19-09 05:30:00;81100.0;81130.0;81080.0;81090.0
2026-19-09 05:35:00;81090.0;81100.0;81090.0;81100.0
2026-19-09 05:40:00;81100.0;81150.0;81100.0;81140.0
2026-19-09 05:45:00;81140.0;81160.0;81140.0;81160.0
2026-19-09 05:50:00;81160.0;81160.0;81130.0;81150.0
2026-19-09 05:55:00;81150.0;81160.0;81100.0;81110.0
2026-19-09 06:00:00;81100.0;81120.0;81090.0;81110.0
2026-19-09 06:05:00;81110.0;81190.0;81110.0;81160.0
2026-19-09 06:10:00;81160.0;81190.0;81160.0;81180.0
2026-19-09 06:15:00;81180.0;81200.0;81110.0;81110.0
2026-19-09 06:20:00;81110.0;81160.0;81100.0;81110.0
2026-19-09 06:25:00;81110.0;81150.0;81090.0;81100.0
2026-19-09 06:30:00;81100.0;81100.0;80960.0;80960.0
2026-19-09 06:35:00;80960.0;80990.0;80890.0;80900.0
2026-19-09 06:40:00;80900.0;80990.0;80890.0;80940.0
2026-19-09 06:45:00;80940.0;80960.0;80910.0;80950.0
2026-19-09 06:50:00;80950.0;81000.0;80940.0;80980.0
2026-19-09 06:55:00;80980.0;81000.0;80960.0;81000.0
2026-19-09 07:00:00;81000.0;81050.0;81000.0;81040.0
2026-19-09 07:05:00;81040.0;81110.0;81040.0;81100.0
2026-19-09 07:10:00;81100.0;81100.0;81020.0;81020.0
2026-19-09 07:15:00;81020.0;81070.0;80980.0;81050.0
2026-19-09 07:20:00;81050.0;81050.0;80990.0;81050.0
2026-19-09 07:25:00;81050.0;81120.0;81040.0;81040.0
2026-19-09 07:30:00;81040.0;81070.0;81020.0;81070.0
2026-19-09 07:35:00;81070.0;81090.0;81030.0;81080.0
2026-19-09 07:40:00;81080.0;81080.0;81000.0;81000.0
2026-19-09 07:45:00;81000.0;81030.0;81000.0;81000.0
2026-19-09 07:50:00;81000.0;81060.0;81000.0;81040.0
2026-19-09 07:55:00;81040.0;81060.0;80980.0;81020.0
2026-19-09 08:00:00;81020.0;81050.0;80980.0;81000.0
2026-19-09 08:05:00;81000.0;81050.0;80990.0;81010.0
2026-19-09 08:10:00;81010.0;81010.0;80970.0;80980.0
2026-19-09 08:15:00;80970.0;81030.0;80960.0;80960.0
2026-19-09 08:20:00;80960.0;80960.0;80930.0;80930.0
2026-19-09 08:25:00;80930.0;80960.0;80910.0;80940.0
2026-19-09 08:30:00;80940.0;81040.0;80940.0;81040.0
2026-19-09 08:35:00;81040.0;81070.0;81040.0;81050.0
2026-19-09 08:40:00;81050.0;81070.0;81040.0;81040.0
2026-19-09 08:45:00;81040.0;81080.0;81040.0;81050.0
2026-19-09 08:50:00;81050.0;81050.0;81010.0;81010.0
2026-19-09 08:55:00;81010.0;81030.0;81000.0;81030.0
2026-19-09 09:00:00;81030.0;81060.0;81030.0;81060.0
2026-19-09 09:05:00;81060.0;81100.0;81050.0;81090.0
2026-19-09 09:10:00;81090.0;81140.0;81080.0;81140.0
2026-19-09 09:15:00;81140.0;81240.0;81130.0;81190.0
2026-19-09 09:20:00;81190.0;81190.0;81080.0;81080.0
2026-19-09 09:25:00;81080.0;81100.0;81040.0;81080.0
2026-19-09 09:30:00;81080.0;81100.0;81050.0;81090.0
2026-19-09 09:35:00;81090.0;81090.0;81010.0;81030.0
2026-19-09 09:40:00;81030.0;81050.0;81030.0;81040.0
2026-19-09 09:45:00;81040.0;81040.0;81000.0;81020.0
2026-19-09 09:50:00;81020.0;81120.0;81010.0;81120.0
2026-19-09 09:55:00;81120.0;81160.0;81070.0;81080.0
2026-19-09 10:00:00;81080.0;81110.0;81050.0;81080.0
2026-19-09 10:05:00;81080.0;81170.0;81060.0;81170.0
2026-19-09 10:10:00;81170.0;81220.0;81150.0;81220.0
2026-19-09 10:15:00;81220.0;81270.0;81170.0;81210.0
2026-19-09 10:20:00;81210.0;81390.0;81210.0;81260.0
2026-19-09 10:25:00;81260.0;81270.0;81210.0;81270.0
2026-19-09 10:30:00;81270.0;81310.0;81250.0;81300.0
2026-19-09 10:35:00;81300.0;81370.0;81270.0;81320.0
2026-19-09 10:40:00;81320.0;81320.0;81290.0;81290.0
2026-19-09 10:45:00;81290.0;81320.0;81290.0;81320.0
2026-19-09 10:50:00;81320.0;81360.0;81270.0;81270.0
2026-19-09 10:55:00;81270.0;81300.0;81260.0;81290.0
2026-19-09 11:00:00;81290.0;81310.0;81260.0;81310.0
2026-19-09 11:05:00;81310.0;81520.0;81310.0;81440.0
2026-19-09 11:10:00;81440.0;81450.0;81380.0;81410.0
2026-19-09 11:15:00;81410.0;81420.0;81360.0;81410.0
2026-19-09 11:20:00;81410.0;81480.0;81410.0;81470.0
2026-19-09 11:25:00;81470.0;81480.0;81390.0;81390.0
2026-19-09 11:30:00;81390.0;81420.0;81240.0;81290.0
2026-19-09 11:35:00;81290.0;81300.0;81230.0;81290.0
2026-19-09 11:40:00;81290.0;81300.0;81230.0;81240.0
2026-19-09 11:45:00;81240.0;81320.0;81240.0;81320.0
2026-19-09 11:50:00;81320.0;81320.0;81280.0;81310.0
2026-19-09 11:55:00;81310.0;81320.0;81290.0;81310.0
2026-19-09 12:00:00;81310.0;81310.0;81250.0;81250.0
2026-19-09 12:05:00;81250.0;81290.0;81180.0;81250.0
2026-19-09 12:10:00;81250.0;81300.0;81250.0;81280.0
2026-19-09 12:15:00;81280.0;81290.0;81230.0;81280.0
2026-19-09 12:20:00;81280.0;81300.0;81250.0;81270.0
2026-19-09 12:25:00;81270.0;81290.0;81240.0;81250.0
2026-19-09 12:30:00;81250.0;81280.0;81230.0;81230.0
2026-19-09 12:35:00;81230.0;81230.0;81190.0;81200.0
2026-19-09 12:40:00;81200.0;81250.0;81200.0;81230.0
2026-19-09 12:45:00;81230.0;81280.0;81230.0;81270.0
2026-19-09 12:50:00;81270.0;81290.0;81250.0;81290.0
2026-19-09 12:55:00;81290.0;81300.0;81180.0;81200.0
2026-19-09 13:00:00;81200.0;81270.0;81190.0;81270.0
2026-19-09 13:05:00;81270.0;81340.0;81250.0;81340.0
2026-19-09 13:10:00;81340.0;81350.0;81280.0;81290.0
2026-19-09 13:15:00;81290.0;81320.0;81270.0;81300.0
2026-19-09 13:20:00;81300.0;81350.0;81300.0;81340.0
2026-19-09 13:25:00;81340.0;81340.0;81250.0;81250.0
2026-19-09 13:30:00;81250.0;81260.0;81220.0;81220.0
2026-19-09 13:35:00;81220.0;81250.0;81220.0;81240.0
2026-19-09 13:40:00;81240.0;81300.0;81220.0;81260.0
2026-19-09 13:45:00;81260.0;81280.0;81260.0;81280.0
2026-19-09 13:50:00;81280.0;81280.0;81280.0;81280.0
2026-19-09 13:55:00;81280.0;81290.0;81280.0;81280.0
2026-19-09 14:00:00;81280.0;81300.0;81250.0;81290.0
2026-19-09 14:05:00;81290.0;81340.0;81290.0;81330.0
2026-19-09 14:10:00;81330.0;81340.0;81300.0;81330.0
2026-19-09 14:15:00;81330.0;81340.0;81280.0;81280.0
2026-19-09 14:20:00;81280.0;81280.0;81190.0;81190.0
2026-19-09 14:25:00;81190.0;81250.0;81190.0;81190.0
2026-19-09 14:30:00;81190.0;81250.0;81190.0;81250.0
2026-19-09 14:35:00;81250.0;81260.0;81230.0;81250.0
2026-19-09 14:40:00;81250.0;81260.0;81240.0;81250.0
2026-19-09 14:45:00;81250.0;81260.0;81210.0;81250.0
2026-19-09 14:50:00;81250.0;81330.0;81250.0;81310.0
2026-19-09 14:55:00;81310.0;81310.0;81300.0;81310.0
2026-19-09 15:00:00;81310.0;81320.0;81270.0;81310.0
2026-19-09 15:05:00;81310.0;81310.0;81210.0;81220.0
2026-19-09 15:10:00;81220.0;81230.0;81150.0;81220.0
2026-19-09 15:15:00;81220.0;81310.0;81220.0;81260.0
2026-19-09 15:20:00;81260.0;81260.0;81220.0;81240.0
2026-19-09 15:25:00;81240.0;81260.0;81200.0;81210.0
2026-19-09 15:30:00;81210.0;81240.0;81170.0;81240.0
2026-19-09 15:35:00;81240.0;81250.0;81210.0;81240.0
2026-19-09 15:40:00;81240.0;81240.0;81210.0;81240.0
2026-19-09 15:45:00;81240.0;81240.0;81220.0;81240.0
2026-19-09 15:50:00;81240.0;81320.0;81200.0;81300.0
2026-19-09 15:55:00;81300.0;81330.0;81270.0;81320.0
2026-19-09 16:00:00;81320.0;81350.0;81310.0;81350.0
2026-19-09 16:05:00;81350.0;81420.0;81350.0;81380.0
2026-19-09 16:10:00;81380.0;81390.0;81340.0;81360.0
2026-19-09 16:15:00;81360.0;81450.0;81360.0;81440.0
2026-19-09 16:20:00;81440.0;81540.0;81440.0;81450.0
2026-19-09 16:25:00;81450.0;81550.0;81450.0;81550.0
2026-19-09 16:30:00;81550.0;81610.0;81500.0;81520.0
2026-19-09 16:35:00;81520.0;81530.0;81440.0;81480.0
2026-19-09 16:40:00;81480.0;81530.0;81470.0;81510.0
2026-19-09 16:45:00;81510.0;81600.0;81470.0;81490.0
2026-19-09 16:50:00;81490.0;81500.0;81460.0;81470.0
2026-19-09 16:55:00;81470.0;81560.0;81470.0;81550.0
2026-19-09 17:00:00;81550.0;81660.0;81540.0;81650.0
2026-19-09 17:05:00;81650.0;81730.0;81650.0;81710.0
2026-19-09 17:10:00;81710.0;81720.0;81620.0;81670.0
2026-19-09 17:15:00;81670.0;81730.0;81610.0;81610.0
2026-19-09 17:20:00;81610.0;81640.0;81590.0;81640.0
2026-19-09 17:25:00;81640.0;81640.0;81530.0;81540.0
2026-19-09 17:30:00;81540.0;81620.0;81540.0;81610.0
2026-19-09 17:35:00;81610.0;81640.0;81600.0;81640.0
2026-19-09 17:40:00;81640.0;81940.0;81640.0;81890.0
2026-19-09 17:45:00;81890.0;81890.0;81650.0;81660.0
2026-19-09 17:50:00;81660.0;81710.0;81660.0;81660.0
2026-19-09 17:55:00;81660.0;81660.0;81570.0;81610.0
2026-19-09 18:00:00;81610.0;81620.0;81450.0;81450.0
2026-19-09 18:05:00;81450.0;81650.0;81430.0;81600.0
2026-19-09 18:10:00;81600.0;81750.0;81560.0;81730.0
2026-19-09 18:15:00;81730.0;81790.0;81710.0;81790.0
2026-19-09 18:20:00;81790.0;81820.0;81770.0;81820.0
2026-19-09 18:25:00;81820.0;81850.0;81780.0;81780.0
2026-19-09 18:30:00;81780.0;81880.0;81780.0;81840.0
2026-19-09 18:35:00;81840.0;81840.0;81780.0;81800.0
2026-19-09 18:40:00;81800.0;81870.0;81800.0;81820.0
2026-19-09 18:45:00;81820.0;81820.0;81790.0;81810.0
2026-19-09 18:50:00;81810.0;81810.0;81790.0;81800.0
2026-19-09 18:55:00;81800.0;81820.0;81800.0;81800.0
2026-19-09 19:00:00;81800.0;81800.0;81740.0;81760.0
2026-19-09 19:05:00;81760.0;81820.0;81760.0;81770.0
2026-19-09 19:10:00;81770.0;81780.0;81670.0;81680.0
2026-19-09 19:15:00;81680.0;81800.0;81650.0;81680.0
2026-19-09 19:20:00;81680.0;81680.0;81510.0;81510.0
2026-19-09 19:25:00;81510.0;81560.0;81410.0;81510.0
2026-19-09 19:30:00;81510.0;81570.0;81480.0;81510.0
2026-19-09 19:35:00;81510.0;81510.0;81420.0;81450.0
2026-19-09 19:40:00;81450.0;81480.0;81430.0;81470.0
2026-19-09 19:45:00;81470.0;81510.0;81460.0;81470.0
2026-19-09 19:50:00;81470.0;81470.0;81420.0;81420.0
2026-19-09 19:55:00;81420.0;81460.0;81420.0;81430.0
2026-19-09 20:00:00;81430.0;81490.0;81420.0;81460.0
2026-19-09 20:05:00;81460.0;81510.0;81380.0;81450.0
2026-19-09 20:10:00;81450.0;81450.0;81290.0;81360.0
2026-19-09 20:15:00;81360.0;81390.0;81290.0;81390.0
2026-19-09 20:20:00;81390.0;81460.0;81390.0;81430.0
2026-19-09 20:25:00;81430.0;81450.0;81410.0;81420.0
2026-19-09 20:30:00;81420.0;81430.0;81330.0;81430.0
2026-19-09 20:35:00;81430.0;81490.0;81420.0;81470.0
2026-19-09 20:40:00;81470.0;81480.0;81450.0;81450.0
2026-19-09 20:45:00;81450.0;81460.0;81420.0;81440.0
2026-19-09 20:50:00;81440.0;81440.0;81380.0;81410.0
2026-19-09 20:55:00;81410.0;81420.0;81380.0;81400.0
2026-19-09 21:00:00;81400.0;81430.0;81400.0;81420.0
2026-19-09 21:05:00;81420.0;81430.0;81340.0;81380.0
2026-19-09 21:10:00;81380.0;81380.0;81350.0;81350.0
2026-19-09 21:15:00;81350.0;81380.0;81310.0;81380.0
2026-19-09 21:20:00;81380.0;81420.0;81380.0;81390.0
2026-19-09 21:25:00;81390.0;81410.0;81370.0;81370.0
2026-19-09 21:30:00;81370.0;81370.0;81340.0;81350.0
2026-19-09 21:35:00;81350.0;81350.0;81310.0;81330.0
2026-19-09 21:40:00;81330.0;81340.0;81270.0;81290.0
2026-19-09 21:45:00;81290.0;81340.0;81290.0;81330.0
2026-19-09 21:50:00;81330.0;81360.0;81330.0;81330.0
2026-19-09 21:55:00;81330.0;81340.0;81290.0;81340.0
2026-19-09 22:00:00;81340.0;81380.0;81330.0;81370.0
2026-19-09 22:05:00;81370.0;81410.0;81370.0;81390.0
2026-19-09 22:10:00;81390.0;81400.0;81370.0;81390.0
2026-19-09 22:15:00;81390.0;81390.0;81290.0;81330.0
2026-19-09 22:20:00;81330.0;81360.0;81290.0;81310.0
2026-19-09 22:25:00;81310.0;81310.0;81230.0;81230.0
2026-19-09 22:30:00;81230.0;81250.0;81220.0;81230.0
2026-19-09 22:35:00;81230.0;81250.0;81220.0;81250.0
2026-19-09 22:40:00;81250.0;81270.0;81240.0;81270.0
2026-19-09 22:45:00;81270.0;81270.0;81190.0;81190.0
2026-19-09 22:50:00;81190.0;81190.0;81080.0;81120.0
2026-19-09 22:55:00;81120.0;81140.0;81040.0;81140.0
2026-19-09 23:00:00;81140.0;81210.0;81140.0;81170.0
2026-19-09 23:05:00;81160.0;81170.0;81060.0;81060.0
2026-19-09 23:10:00;81060.0;81060.0;80960.0;80980.0
2026-19-09 23:15:00;80980.0;81030.0;80930.0;80980.0
2026-19-09 23:20:00;80980.0;81020.0;80880.0;81010.0
2026-19-09 23:25:00;81010.0;81050.0;81000.0;81040.0
2026-19-09 23:30:00;81040.0;81080.0;80960.0;80970.0
2026-19-09 23:35:00;80970.0;81040.0;80910.0;81040.0
2026-19-09 23:40:00;81040.0;81040.0;80980.0;81000.0
2026-19-09 23:45:00;81000.0;81100.0;81000.0;81100.0
2026-19-09 23:50:00;81100.0;81110.0;81070.0;81110.0
2026-19-09 23:55:00;81110.0;81140.0;81070.0;81080.0
2026-20-09 00:00:00;81080.0;81080.0;80960.0;80970.0
2026-20-09 00:05:00;80970.0;81040.0;80970.0;81030.0
2026-20-09 00:10:00;81030.0;81030.0;80930.0;80980.0
2026-20-09 00:15:00;80980.0;81070.0;80980.0;81030.0
2026-20-09 00:20:00;81030.0;81040.0;80980.0;81040.0
2026-20-09 00:25:00;81040.0;81070.0;81030.0;81040.0
2026-20-09 00:30:00;81040.0;81090.0;81040.0;81080.0
2026-20-09 00:35:00;81080.0;81200.0;81080.0;81200.0
2026-20-09 00:40:00;81200.0;81230.0;81180.0;81220.0
2026-20-09 00:45:00;81220.0;81220.0;81180.0;81190.0
2026-20-09 00:50:00;81190.0;81240.0;81190.0;81240.0
2026-20-09 00:55:00;81240.0;81250.0;81210.0;81240.0
2026-20-09 01:00:00;81240.0;81240.0;81220.0;81220.0
2026-20-09 01:05:00;81220.0;81240.0;81210.0;81210.0
2026-20-09 01:10:00;81210.0;81260.0;81210.0;81260.0
2026-20-09 01:15:00;81260.0;81290.0;81230.0;81240.0
2026-20-09 01:20:00;81240.0;81250.0;81190.0;81200.0
2026-20-09 01:25:00;81200.0;81280.0;81190.0;81270.0
2026-20-09 01:30:00;81270.0;81330.0;81260.0;81330.0
2026-20-09 01:35:00;81330.0;81350.0;81270.0;81270.0
2026-20-09 01:40:00;81270.0;81270.0;81240.0;81250.0
2026-20-09 01:45:00;81250.0;81280.0;81240.0;81270.0
2026-20-09 01:50:00;81270.0;81290.0;81260.0;81290.0
2026-20-09 01:55:00;81290.0;81290.0;81220.0;81230.0
2026-20-09 02:00:00;81230.0;81230.0;81180.0;81180.0
2026-20-09 02:05:00;81180.0;81210.0;81180.0;81210.0
2026-20-09 02:10:00;81210.0;81260.0;81210.0;81260.0
2026-20-09 02:15:00;81260.0;81280.0;81220.0;81230.0
2026-20-09 02:20:00;81230.0;81230.0;81190.0;81220.0
2026-20-09 02:25:00;81220.0;81290.0;81210.0;81280.0
2026-20-09 02:30:00;81280.0;81300.0;81220.0;81290.0
2026-20-09 02:35:00;81290.0;81300.0;81230.0;81280.0
2026-20-09 02:40:00;81280.0;81300.0;81280.0;81300.0
2026-20-09 02:45:00;81300.0;81300.0;81250.0;81260.0
2026-20-09 02:50:00;81260.0;81270.0;81260.0;81260.0
2026-20-09 02:55:00;81260.0;81270.0;81240.0;81260.0
2026-20-09 03:00:00;81260.0;81270.0;81230.0;81230.0
2026-20-09 03:05:00;81230.0;81240.0;81200.0;81200.0
2026-20-09 03:10:00;81210.0;81210.0;81100.0;81100.0
2026-20-09 03:15:00;81100.0;81170.0;81050.0;81170.0
2026-20-09 03:20:00;81170.0;81190.0;81130.0;81130.0
2026-20-09 03:25:00;81130.0;81140.0;81090.0;81090.0
2026-20-09 03:30:00;81090.0;81100.0;81040.0;81050.0
2026-20-09 03:35:00;81050.0;81090.0;81000.0;81080.0
2026-20-09 03:40:00;81080.0;81100.0;81040.0;81040.0
2026-20-09 03:45:00;81040.0;81080.0;81000.0;81040.0
2026-20-09 03:50:00;81040.0;81070.0;81030.0;81050.0
2026-20-09 03:55:00;81050.0;81090.0;81040.0;81070.0
2026-20-09 04:00:00;81070.0;81120.0;81050.0;81060.0
2026-20-09 04:05:00;81060.0;81090.0;81060.0;81080.0
2026-20-09 04:10:00;81080.0;81120.0;81080.0;81120.0
2026-20-09 04:15:00;81120.0;81140.0;81020.0;81050.0
2026-20-09 04:20:00;81050.0;81060.0;80990.0;80990.0
2026-20-09 04:25:00;80990.0;80990.0;80950.0;80950.0
2026-20-09 04:30:00;80950.0;80970.0;80860.0;80880.0
2026-20-09 04:35:00;80880.0;80960.0;80870.0;80880.0
2026-20-09 04:40:00;80890.0;80890.0;80530.0;80530.0
2026-20-09 04:45:00;80530.0;80670.0;80390.0;80550.0
2026-20-09 04:50:00;80550.0;80630.0;80320.0;80450.0
2026-20-09 04:55:00;80450.0;80510.0;80240.0;80310.0
2026-20-09 05:00:00;80310.0;80400.0;80180.0;80350.0
2026-20-09 05:05:00;80350.0;80520.0;80350.0;80420.0
2026-20-09 05:10:00;80420.0;80450.0;80230.0;80230.0
2026-20-09 05:15:00;80230.0;80430.0;80100.0;80420.0
2026-20-09 05:20:00;80420.0;80510.0;80380.0;80470.0
2026-20-09 05:25:00;80470.0;80480.0;80330.0;80360.0
2026-20-09 05:30:00;80360.0;80390.0;80330.0;80360.0
2026-20-09 05:35:00;80350.0;80360.0;80270.0;80280.0
2026-20-09 05:40:00;80280.0;80370.0;80270.0;80370.0
2026-20-09 05:45:00;80370.0;80470.0;80300.0;80460.0
2026-20-09 05:50:00;80460.0;80490.0;80400.0;80490.0
2026-20-09 05:55:00;80490.0;80500.0;80440.0;80470.0
2026-20-09 06:00:00;80470.0;80500.0;80420.0;80490.0
2026-20-09 06:05:00;80490.0;80500.0;80410.0;80430.0
2026-20-09 06:10:00;80430.0;80440.0;80360.0;80420.0
2026-20-09 06:15:00;80420.0;80520.0;80350.0;80350.0
2026-20-09 06:20:00;80350.0;80420.0;80310.0;80410.0
2026-20-09 06:25:00;80420.0;80460.0;80390.0;80410.0
2026-20-09 06:30:00;80410.0;80440.0;80400.0;80410.0
2026-20-09 06:35:00;80410.0;80470.0;80370.0;80450.0
2026-20-09 06:40:00;80450.0;80460.0;80360.0;80360.0
2026-20-09 06:45:00;80360.0;80370.0;80290.0;80370.0
2026-20-09 06:50:00;80370.0;80430.0;80360.0;80420.0
2026-20-09 06:55:00;80420.0;80470.0;80400.0;80420.0
2026-20-09 07:00:00;80420.0;80470.0;80390.0;80470.0
2026-20-09 07:05:00;80470.0;80510.0;80450.0;80480.0
2026-20-09 07:10:00;80480.0;80620.0;80480.0;80570.0
2026-20-09 07:15:00;80570.0;80570.0;80450.0;80490.0
2026-20-09 07:20:00;80490.0;80530.0;80420.0;80420.0
2026-20-09 07:25:00;80420.0;80520.0;80420.0;80520.0
2026-20-09 07:30:00;80520.0;80600.0;80510.0;80560.0
2026-20-09 07:35:00;80560.0;80560.0;80420.0;80480.0
2026-20-09 07:40:00;80480.0;80510.0;80460.0;80510.0
2026-20-09 07:45:00;80510.0;80530.0;80450.0;80500.0
2026-20-09 07:50:00;80500.0;80510.0;80440.0;80440.0
2026-20-09 07:55:00;80440.0;80500.0;80420.0;80460.0
2026-20-09 08:00:00;80460.0;80510.0;80410.0;80410.0
2026-20-09 08:05:00;80410.0;80480.0;80400.0;80480.0
2026-20-09 08:10:00;80480.0;80500.0;80400.0;80490.0
2026-20-09 08:15:00;80490.0;80580.0;80460.0;80500.0
2026-20-09 08:20:00;80500.0;80500.0;80420.0;80470.0
2026-20-09 08:25:00;80470.0;80480.0;80430.0;80440.0
2026-20-09 08:30:00;80440.0;80460.0;80370.0;80430.0
2026-20-09 08:35:00;80430.0;80450.0;80370.0;80370.0
2026-20-09 08:40:00;80370.0;80370.0;80250.0;80360.0
2026-20-09 08:45:00;80360.0;80430.0;80290.0;80370.0
2026-20-09 08:50:00;80370.0;80390.0;80250.0;80270.0
2026-20-09 08:55:00;80270.0;80320.0;80190.0;80280.0
2026-20-09 09:00:00;80280.0;80330.0;80270.0;80270.0
2026-20-09 09:05:00;80270.0;80350.0;80270.0;80310.0
2026-20-09 09:10:00;80310.0;80340.0;80280.0;80320.0
2026-20-09 09:15:00;80310.0;80320.0;80270.0;80290.0
2026-20-09 09:20:00;80290.0;80370.0;80260.0;80370.0
2026-20-09 09:25:00;80370.0;80410.0;80360.0;80370.0
2026-20-09 09:30:00;80370.0;80370.0;80330.0;80330.0
2026-20-09 09:35:00;80330.0;80330.0;80270.0;80300.0
2026-20-09 09:40:00;80300.0;80330.0;80290.0;80310.0
2026-20-09 09:45:00;80310.0;80340.0;80290.0;80310.0
2026-20-09 09:50:00;80310.0;80370.0;80310.0;80310.0
2026-20-09 09:55:00;80310.0;80340.0;80280.0;80290.0
2026-20-09 10:00:00;80290.0;80440.0;80280.0;80430.0
2026-20-09 10:05:00;80430.0;80430.0;80350.0;80400.0
2026-20-09 10:10:00;80400.0;80430.0;80390.0;80400.0
2026-20-09 10:15:00;80400.0;80410.0;80360.0;80400.0
2026-20-09 10:20:00;80400.0;80400.0;80360.0;80370.0
2026-20-09 10:25:00;80370.0;80380.0;80350.0;80350.0
2026-20-09 10:30:00;80350.0;80390.0;80340.0;80350.0
2026-20-09 10:35:00;80350.0;80370.0;80310.0;80310.0
2026-20-09 10:40:00;80310.0;80310.0;80220.0;80230.0
2026-20-09 10:45:00;80230.0;80270.0;80190.0;80230.0
2026-20-09 10:50:00;80230.0;80250.0;80130.0;80240.0
2026-20-09 10:55:00;80240.0;80260.0;80220.0;80240.0
2026-20-09 11:00:00;80240.0;80290.0;80230.0;80280.0
2026-20-09 11:05:00;80280.0;80320.0;80240.0;80240.0
2026-20-09 11:10:00;80240.0;80280.0;80240.0;80250.0
2026-20-09 11:15:00;80250.0;80290.0;80230.0;80280.0
2026-20-09 11:20:00;80280.0;80360.0;80280.0;80340.0
2026-20-09 11:25:00;80340.0;80380.0;80340.0;80360.0
2026-20-09 11:30:00;80360.0;80490.0;80360.0;80490.0
2026-20-09 11:35:00;80490.0;80530.0;80460.0;80530.0
2026-20-09 11:40:00;80530.0;80560.0;80480.0;80530.0
2026-20-09 11:45:00;80530.0;80530.0;80460.0;80480.0
2026-20-09 11:50:00;80480.0;80480.0;80440.0;80440.0
2026-20-09 11:55:00;80440.0;80470.0;80440.0;80440.0
2026-20-09 12:00:00;80440.0;80490.0;80440.0;80470.0
2026-20-09 12:05:00;80470.0;80470.0;80300.0;80340.0
2026-20-09 12:10:00;80340.0;80390.0;80300.0;80390.0
2026-20-09 12:15:00;80390.0;80420.0;80330.0;80330.0
2026-20-09 12:20:00;80330.0;80330.0;80300.0;80310.0
2026-20-09 12:25:00;80310.0;80360.0;80310.0;80360.0
2026-20-09 12:30:00;80360.0;80410.0;80350.0;80360.0
2026-20-09 12:35:00;80360.0;80360.0;80310.0;80320.0
2026-20-09 12:40:00;80320.0;80350.0;80300.0;80330.0
2026-20-09 12:45:00;80330.0;80370.0;80300.0;80340.0
2026-20-09 12:50:00;80340.0;80380.0;80330.0;80350.0
2026-20-09 12:55:00;80350.0;80350.0;80290.0;80290.0
2026-20-09 13:00:00;80290.0;80320.0;80250.0;80290.0
2026-20-09 13:05:00;80290.0;80400.0;80290.0;80330.0
2026-20-09 13:10:00;80330.0;80360.0;80310.0;80340.0
2026-20-09 13:15:00;80340.0;80360.0;80280.0;80350.0
2026-20-09 13:20:00;80350.0;80360.0;80310.0;80340.0
2026-20-09 13:25:00;80340.0;80350.0;80320.0;80340.0
2026-20-09 13:30:00;80340.0;80470.0;80340.0;80420.0
2026-20-09 13:35:00;80420.0;80450.0;80370.0;80410.0
2026-20-09 13:40:00;80410.0;80450.0;80410.0;80430.0
2026-20-09 13:45:00;80430.0;80450.0;80420.0;80450.0
2026-20-09 13:50:00;80450.0;80500.0;80450.0;80500.0
2026-20-09 13:55:00;80500.0;80500.0;80430.0;80450.0
2026-20-09 14:00:00;80450.0;80460.0;80390.0;80440.0
2026-20-09 14:05:00;80440.0;80490.0;80440.0;80460.0
2026-20-09 14:10:00;80460.0;80500.0;80430.0;80460.0
2026-20-09 14:15:00;80460.0;80470.0;80390.0;80390.0
2026-20-09 14:20:00;80390.0;80390.0;80360.0;80360.0
2026-20-09 14:25:00;80360.0;80380.0;80330.0;80340.0
2026-20-09 14:30:00;80340.0;80340.0;80290.0;80330.0
2026-20-09 14:35:00;80330.0;80340.0;80320.0;80340.0
2026-20-09 14:40:00;80340.0;80340.0;80310.0;80320.0
2026-20-09 14:45:00;80320.0;80370.0;80320.0;80370.0
2026-20-09 14:50:00;80370.0;80420.0;80340.0;80420.0
2026-20-09 14:55:00;80420.0;80470.0;80410.0;80460.0
2026-20-09 15:00:00;80460.0;80540.0;80460.0;80540.0
2026-20-09 15:05:00;80540.0;80650.0;80520.0;80550.0
2026-20-09 15:10:00;80550.0;80550.0;80520.0;80530.0
2026-20-09 15:15:00;80530.0;80530.0;80450.0;80490.0
2026-20-09 15:20:00;80490.0;80520.0;80460.0;80500.0
2026-20-09 15:25:00;80500.0;80540.0;80480.0;80480.0
2026-20-09 15:30:00;80480.0;80490.0;80390.0;80390.0
2026-20-09 15:35:00;80390.0;80470.0;80390.0;80470.0
2026-20-09 15:40:00;80470.0;80540.0;80440.0;80540.0
2026-20-09 15:45:00;80540.0;80550.0;80510.0;80520.0
2026-20-09 15:50:00;80520.0;80550.0;80510.0;80530.0
2026-20-09 15:55:00;80530.0;80540.0;80510.0;80540.0
2026-20-09 16:00:00;80540.0;80770.0;80540.0;80670.0
2026-20-09 16:05:00;80670.0;80670.0;80610.0;80620.0
2026-20-09 16:10:00;80620.0;80620.0;80540.0;80560.0
2026-20-09 16:15:00;80560.0;80560.0;80400.0;80420.0
2026-20-09 16:20:00;80420.0;80490.0;80380.0;80480.0
2026-20-09 16:25:00;80480.0;80530.0;80480.0;80510.0
2026-20-09 16:30:00;80510.0;80590.0;80470.0;80530.0
2026-20-09 16:35:00;80530.0;80610.0;80520.0;80570.0
2026-20-09 16:40:00;80570.0;80630.0;80570.0;80610.0
2026-20-09 16:45:00;80610.0;80640.0;80580.0;80620.0
2026-20-09 16:50:00;80620.0;80640.0;80610.0;80640.0
